Name,Party,Votes,Constituency,Region
LAIRUMBE John Emanuel Kivuyo,ACT-Wazalendo,2492,Arumeru Magharibi,Arusha
NOAH Lemburis Saputu Mollel,CCM,72160,Arumeru Magharibi,Arusha
OLE MEISEYEKI Gibson Blasius,CHADEMA,22743,Arumeru Magharibi,Arusha
ARAFA Mohamedy Muya,CUF,329,Arumeru Magharibi,Arusha
Mch. LAIZER Loilole Wilson,NCCR-Mageuzi,323,Arumeru Magharibi,Arusha
TUMAINI Andrea Akyoo,UPDP,169,Arumeru Magharibi,Arusha
Dkt. PALLANGYO John Danielson,CCM,84858,Arumeru Mashariki,Arusha
REBECCA Michael Mngodo,CHADEMA,14688,Arumeru Mashariki,Arusha
HUSNA Tomasi Kundi,AAFP,831,Arusha Mjini,Arusha
ZUBERI Mwinyi Hamisi,ADA-TADEA,249,Arusha Mjini,Arusha
MATHAYO Richard Membi,CCK,245,Arusha Mjini,Arusha
GAMBO Mrisho Mashaka,CCM,82480,Arusha Mjini,Arusha
LEMA Godbless Jonathan,CHADEMA,46489,Arusha Mjini,Arusha
MAGDALENA Loonjumuya Shangay,CUF,177,Arusha Mjini,Arusha
ELIZABETH Geofrey Sembuche,DP,33,Arusha Mjini,Arusha
MKAMA Rashid Jaralya,N.R. A,57,Arusha Mjini,Arusha
HEFSIBA Reward Kiwelu,NCCR-Mageuzi,77,Arusha Mjini,Arusha
SIMON Johnson Bayo,SAU,88,Arusha Mjini,Arusha
ALFRED Nicolas Mollel,UDP,66,Arusha Mjini,Arusha
HAPPY Eliasi Sumari,UPDP,80,Arusha Mjini,Arusha
PANGA Constantine Kanso,ACT-Wazalendo,803,Karatu,Arusha
AWACK Daniel Tlemai,CCM,49042,Karatu,Arusha
CECILIA Daniel Paresso,CHADEMA,31150,Karatu,Arusha
EMMANUEL Patrick Qaymo,CHAUMMA,424,Karatu,Arusha
JOSEPH Jacob Paulo,NCCR-Mageuzi,127,Karatu,Arusha
JOSEPH Cresent Balde,NLD,140,Karatu,Arusha
KIRUSWA Steven Lemomo,CCM,61885,Longido,Arusha
PAULINA Lukas Laizer,CHADEMA,1037,Longido,Arusha
MKADAM Kombo Mkadam,CUF,65,Longido,Arusha
FERUZIY Juma Feruziyson,N.R. A,21,Longido,Arusha
MWAHIJA Khalfan Chogga,ACT-Wazalendo,485,Monduli,Arusha
FREDRICK Edward Lowassa,CCM,72502,Monduli,Arusha
CECILIAN Samson Ndossi,CHADEMA,4637,Monduli,Arusha
ADAM Mohamed Kijuu,N.R. A,145,Monduli,Arusha
SUPEET K. Olepuruko,ACT-Wazalendo,1080,Ngorongoro,Arusha
WILLIAM Tate Olenasha,CCM,63536,Ngorongoro,Arusha
JACQUELINE Aisaa Swai,CHADEMA,7983,Ngorongoro,Arusha
KILASA Mohamedi Mogwa,AAFP,216,Ilala,Dar Es Salaam
HUSSEIN Juma Abdallah,ACT-Wazalendo,1487,Ilala,Dar Es Salaam
ASIA Hamimu Hokororo,ADA-TADEA,66,Ilala,Dar Es Salaam
MAINISHO Athumani Itesi,CCK,153,Ilala,Dar Es Salaam
ZUNGU Azzan Mussa,CCM,26496,Ilala,Dar Es Salaam
HASHIM Juma Issak,CHADEMA,6534,Ilala,Dar Es Salaam
ABDALLAH Ally Kabara,CHAUMMA,110,Ilala,Dar Es Salaam
RASHIDI Mwinshehe Mzange,CUF,466,Ilala,Dar Es Salaam
SELEMANI Musa Mpeneka,DEMOKRASIA MAKINI,29,Ilala,Dar Es Salaam
CLINTON Nicolas Jovin,NCCR-Mageuzi,110,Ilala,Dar Es Salaam
AMINA Athumani Ahungu,SAU,47,Ilala,Dar Es Salaam
SAMWEL Gipson Kissanga,UDP,14,Ilala,Dar Es Salaam
LEILA Hamad Salehe,UMD,43,Ilala,Dar Es Salaam
AMINA Amiri Mcheka,AAFP,374,Kawe,Dar Es Salaam
GODBLESS Andrew Msofe,ACT-Wazalendo,585,Kawe,Dar Es Salaam
HASSAN Shabani Mvungi,ADC,532,Kawe,Dar Es Salaam
BEATRICE Chiduo Fundi,CCK,1422,Kawe,Dar Es Salaam
ASKOFU JOSEPHAT Mathias Gwajima,CCM,194833,Kawe,Dar Es Salaam
MDEE Halima James,CHADEMA,32524,Kawe,Dar Es Salaam
HAMADY Ramadhani Namungu,CHAUMMA,426,Kawe,Dar Es Salaam
SALIMIN Suleiman Kisamo,CUF,461,Kawe,Dar Es Salaam
JACKSON Jeremia Liwola,DEMOKRASIA MAKINI,39,Kawe,Dar Es Salaam
ZUBERI Said Madunda,DP,60,Kawe,Dar Es Salaam
MARTHA Raphael Chiomba,NCCR-Mageuzi,279,Kawe,Dar Es Salaam
MWANKINA Emmanuel Mosses,NLD,43,Kawe,Dar Es Salaam
MARIA Alfred Kakili,SAU,53,Kawe,Dar Es Salaam
AMANDUS Joseph Komba,TLP,67,Kawe,Dar Es Salaam
ALFRED Joram Ernest,UDP,44,Kawe,Dar Es Salaam
GRACE Mwangi Almas,UMD,51,Kawe,Dar Es Salaam
MARY Moses Daudi,UPDP,72,Kawe,Dar Es Salaam
MWESIGWA Zaidi Siraji,ACT-Wazalendo,842,Kibamba,Dar Es Salaam
ABASI Bushiri Diwani,ADA-TADEA,158,Kibamba,Dar Es Salaam
SIRIWA Innocent Gabriel,ADC,165,Kibamba,Dar Es Salaam
MABRUKI Naomi William,CCK,268,Kibamba,Dar Es Salaam
MTEMVU Issa Jumanne,CCM,54496,Kibamba,Dar Es Salaam
MGAWE Ernest Stanley,CHADEMA,19744,Kibamba,Dar Es Salaam
MARY Osward Mpangala,CHAUMMA,183,Kibamba,Dar Es Salaam
HILDA Amon Mria,CUF,173,Kibamba,Dar Es Salaam
NEEMA Balama George,N.R. A,19,Kibamba,Dar Es Salaam
EVELYN Wilbard Munisi,NCCR-Mageuzi,141,Kibamba,Dar Es Salaam
LEAH Revington Minja,NLD,11,Kibamba,Dar Es Salaam
KUNJE Ngombale Mwiru,SAU,28,Kibamba,Dar Es Salaam
AIVAN Jackson Maganza,TLP,37,Kibamba,Dar Es Salaam
MADIRISHA Mbaga Pauline,UDP,19,Kibamba,Dar Es Salaam
AMINA Hassan Mumba,UMD,60,Kibamba,Dar Es Salaam
BEATRICE Omar Muya,UPDP,77,Kibamba,Dar Es Salaam
SAIDI Ally Kilindo,AAFP,512,Kigamboni,Dar Es Salaam
MWANAISHA Zuberi Mndeme,ACT-Wazalendo,1952,Kigamboni,Dar Es Salaam
SEKELA Godfrey Kayuni,ADC,468,Kigamboni,Dar Es Salaam
NDUGULILE Faustine Engelbert,CCM,34540,Kigamboni,Dar Es Salaam
MAGERELI Lucy Simon,CHADEMA,11306,Kigamboni,Dar Es Salaam
SALAMA Omar Masoud,CUF,544,Kigamboni,Dar Es Salaam
HAMISI Athumani Urembo,DP,67,Kigamboni,Dar Es Salaam
ZUMBA Edward Kapele,UDP,106,Kigamboni,Dar Es Salaam
HALIMA Abdallah Magambo,AAFP,243,Kinondoni,Dar Es Salaam
KUBENEA Saed Ahmed,ACT-Wazalendo,5948,Kinondoni,Dar Es Salaam
DIANAROSE Joseph Mhoja,ADA-TADEA,122,Kinondoni,Dar Es Salaam
SALUM Omary Changarawe,ADC,61,Kinondoni,Dar Es Salaam
DANIEL Jackson Bulenge,CCK,1561,Kinondoni,Dar Es Salaam
TARIMBA Gulam Abbas,CCM,112014,Kinondoni,Dar Es Salaam
SUSAN Anselm Lyimo,CHADEMA,11260,Kinondoni,Dar Es Salaam
IMAMU Abdillahi Juma,CHAUMMA,215,Kinondoni,Dar Es Salaam
RAJAB Salim Juma,CUF,2000,Kinondoni,Dar Es Salaam
TATU Shehe Idd,DEMOKRASIA MAKINI,32,Kinondoni,Dar Es Salaam
ATHUMANI Mussa Kitemo,DP,31,Kinondoni,Dar Es Salaam
WINFRIDA George Balama,N.R. A,32,Kinondoni,Dar Es Salaam
MURO Mustafa Abdul,NCCR-Mageuzi,411,Kinondoni,Dar Es Salaam
HALIMA Rajabu Mshana,SAU,32,Kinondoni,Dar Es Salaam
FRED Nashon Matari,TLP,31,Kinondoni,Dar Es Salaam
HAPPYNESS Saimon Yusuph,UDP,17,Kinondoni,Dar Es Salaam
HANIFA Sembe Mohamed,UMD,17,Kinondoni,Dar Es Salaam
CHRISTOPHER Ponziano Kadinde,UPDP,36,Kinondoni,Dar Es Salaam
NDONGE Said Ndonge,AAFP,837,Mbagala,Dar Es Salaam
BUNGO Kondo Juma,ACT-Wazalendo,3856,Mbagala,Dar Es Salaam
NASSORO Miraji Salehe,ADA-TADEA,424,Mbagala,Dar Es Salaam
ASHA Sultani Milongea,ADC,1030,Mbagala,Dar Es Salaam
CHAUREMBO Abdallah Jafari,CCM,280003,Mbagala,Dar Es Salaam
KHADIJA Said Mwago,CHADEMA,13985,Mbagala,Dar Es Salaam
MWAKYEMBE Paul Andrew,CHAUMMA,406,Mbagala,Dar Es Salaam
KAMBAYA Abdul Juma,CUF,1536,Mbagala,Dar Es Salaam
SALMA Hamisi Simbila,DEMOKRASIA MAKINI,1602,Mbagala,Dar Es Salaam
REHEMA Kilai Mayuya,DP,1556,Mbagala,Dar Es Salaam
ARABI Rashidi Sadalah,N.R. A,1627,Mbagala,Dar Es Salaam
NKUMBI Juma Shaaban,NCCR-Mageuzi,1686,Mbagala,Dar Es Salaam
DENIS Emmanuel Mafikiri,SAU,1700,Mbagala,Dar Es Salaam
MAGRETH Mathongo Mwita,UDP,1678,Mbagala,Dar Es Salaam
MKECHU Sembe Mohamed,UMD,1563,Mbagala,Dar Es Salaam
ZAWADI Mohamed Mustafa,AAFP,611,Segerea,Dar Es Salaam
MAHARAGANDE Mbarala Abdallah,ACT-Wazalendo,4454,Segerea,Dar Es Salaam
NURU Athumani Mwangila,ADA-TADEA,220,Segerea,Dar Es Salaam
ZAITUNI Said Athumani,ADC,138,Segerea,Dar Es Salaam
HERISTUS Elias Ndali,CCK,396,Segerea,Dar Es Salaam
BONNAH Ladislaus Kamoli,CCM,76828,Segerea,Dar Es Salaam
MREMA John Edward,CHADEMA,27612,Segerea,Dar Es Salaam
DICKSON Alex Msansi,CHAUMMA,414,Segerea,Dar Es Salaam
SABREENA Hamza Sungura,CUF,3649,Segerea,Dar Es Salaam
JUMA Haruna Kamba,DEMOKRASIA MAKINI,143,Segerea,Dar Es Salaam
BERTHA Nkango Mpata,SAU,37,Segerea,Dar Es Salaam
MAXMILLIAN Balthazar Lupapa,UDP,51,Segerea,Dar Es Salaam
MWASHAMBA Hemedi Abdallah,UMD,38,Segerea,Dar Es Salaam
RUKIA Issa Mwene,UPDP,104,Segerea,Dar Es Salaam
ZAINABU Saidi Kilindo,AAFP,2112,Temeke,Dar Es Salaam
YAHAYA Omary Mpanda,ACT-Wazalendo,13263,Temeke,Dar Es Salaam
AMISA Khamiss Kimwaga,ADA-TADEA,2395,Temeke,Dar Es Salaam
FARIDA Rabii Kongoi,ADC,2496,Temeke,Dar Es Salaam
INNOSENT Fratern Shirima,CCK,3363,Temeke,Dar Es Salaam
KILAVE Dorothy George,CCM,192756,Temeke,Dar Es Salaam
SINA Said Manzi,CHADEMA,28260,Temeke,Dar Es Salaam
ZAINABU Mndolwa Amiri,CUF,4410,Temeke,Dar Es Salaam
SHABANI Masiku Chumu,DEMOKRASIA MAKINI,1971,Temeke,Dar Es Salaam
MWANAENZI Kibwana Mbwaduke,N.R. A,1950,Temeke,Dar Es Salaam
JOHN Isaba Muyingo,UDP,2006,Temeke,Dar Es Salaam
ATHUMANI Ramadhani Athumani,UPDP,1934,Temeke,Dar Es Salaam
PAMBA Renatus Mkonga,ACT-Wazalendo,2188,Ubungo,Dar Es Salaam
MANGEREZA Rajabu Mkongi,ADA-TADEA,90,Ubungo,Dar Es Salaam
ZUWENA Mohamed Abdallah,ADC,334,Ubungo,Dar Es Salaam
MWAKISOLE Emmy Hudson,CCK,146,Ubungo,Dar Es Salaam
MKUMBO Kitila Alexander,CCM,63221,Ubungo,Dar Es Salaam
BONIFACE Boniface Jacob,CHADEMA,20620,Ubungo,Dar Es Salaam
KABENDERA Eugene,CHAUMMA,317,Ubungo,Dar Es Salaam
MASHAKA Khalfani Ngole,CUF,1090,Ubungo,Dar Es Salaam
COASTER Jimmy Kibonde,DEMOKRASIA MAKINI,53,Ubungo,Dar Es Salaam
MWELESI Ramadhani Salehe,N.R. A,33,Ubungo,Dar Es Salaam
JOHARI Jamal Mlaghanile,NCCR-Mageuzi,35,Ubungo,Dar Es Salaam
MWAKASAKA Boaz Donard,SAU,35,Ubungo,Dar Es Salaam
SHAKILA Maulid Kambuga,TLP,30,Ubungo,Dar Es Salaam
KIDAGUYU Masahi Mshelela,UDP,28,Ubungo,Dar Es Salaam
MWAJUMA Noty Mirambo,UMD,54,Ubungo,Dar Es Salaam
REHEMA Nassoro Ligawandu,AAFP,591,Ukonga,Dar Es Salaam
WAKAZI Webiro Wassira,ACT-Wazalendo,2087,Ukonga,Dar Es Salaam
ZAITUN Nurdin Hokororo,ADA-TADEA,131,Ukonga,Dar Es Salaam
CARREN Gerald Mkumbo,ADC,89,Ukonga,Dar Es Salaam
SIGNORITHAR Onesphor Nchimbi,CCK,109,Ukonga,Dar Es Salaam
JERRY William Silaa,CCM,120936,Ukonga,Dar Es Salaam
ASIA Daudi Msangi,CHADEMA,21634,Ukonga,Dar Es Salaam
ATHUMANI Mohamedi Mfaume,CHAUMMA,186,Ukonga,Dar Es Salaam
FATUMA Shabani Pangalugome,CUF,937,Ukonga,Dar Es Salaam
RAMADHANI Said Kijiwe,DEMOKRASIA MAKINI,51,Ukonga,Dar Es Salaam
SILVESTER Aseno Obunde,DP,41,Ukonga,Dar Es Salaam
MURSHID Khalid Kabiriga,N.R. A,36,Ukonga,Dar Es Salaam
JOSEPH Honesti Kyara,SAU,34,Ukonga,Dar Es Salaam
DAMIAN Raphael Suluta,TLP,36,Ukonga,Dar Es Salaam
REHEMA Caswelly Mahinya,UDP,79,Ukonga,Dar Es Salaam
KENNETH Ernest Nollo,CCM,40629,Bahi,Dodoma
GODFREY Job Kamwe,CUF,2054,Bahi,Dodoma
NDEJEMBI Deogratius John,CCM,67092,Chamwino,Dodoma
DIANA Daudi Simba,CUF,990,Chamwino,Dodoma
JOHNSON Mahuma Gagu,ACT-Wazalendo,1230,Chemba,Dodoma
MOHAMED Lujuo Monni,CCM,35168,Chemba,Dodoma
KUNTI Yusuph Majala,CHADEMA,21907,Chemba,Dodoma
AZIZI Msafiri Abasi,CHAUMMA,270,Chemba,Dodoma
TANZILU Hatibu Isema,CUF,373,Chemba,Dodoma
MNJEJA Ayubu Mnjeja,NCCR-Mageuzi,322,Chemba,Dodoma
MAVUNDE Anthony Peter,CCM,86656,Dodoma Mjini,Dodoma
MADOGA Aisha Saleh Maulid,CHADEMA,13589,Dodoma Mjini,Dodoma
SIMBACHAWENE George Boniface,CCM,37626,Kibakwe,Dodoma
MZINGA Msafiri William,CHADEMA,3072,Kibakwe,Dodoma
NJUKI Said Salim,ACT-Wazalendo,1033,Kondoa,Dodoma
Dkt. ASHATU Kachwamba Kijaji,CCM,38131,Kondoa,Dodoma
MONICA Joseph Safari,CHADEMA,5688,Kondoa,Dodoma
KHADIJA Issa Selemani,CUF,4738,Kondoa,Dodoma
MAKOA Ally Juma,CCM,15220,Kondoa Mjini,Dodoma
IDDI Salehe Kizota,CHADEMA,1862,Kondoa Mjini,Dodoma
MALIMA George Natany,CCM,29623,Mpwapwa,Dodoma
CHISINJILA Ezekiel Elia,CHADEMA,5949,Mpwapwa,Dodoma
LIVINGSTONE Joseph Lusinde,CCM,41371,Mvumi,Dodoma
HADIJA Christian Maula,CHADEMA,5665,Mvumi,Dodoma
DAUDI Amos Msanjila,CUF,302,Mvumi,Dodoma
EDWARD Deogratias Kabika,ACT-Wazalendo,492,Bukombe,Geita
ANTHONY Kabika Vigelo,CCK,443,Bukombe,Geita
DOTO Mashaka Biteko,CCM,71640,Bukombe,Geita
NZEMO Renatus Pesa,CHADEMA,11433,Bukombe,Geita
MIHALALO Salim Mihalalo,TLP,244,Bukombe,Geita
TUMAINI Mathias Kinasa,ACT-Wazalendo,1785,Busanda,Geita
TUMAINI Bryceson Magessa,CCM,50412,Busanda,Geita
MASANJA Mihalalo Kapalatu,CHADEMA,11635,Busanda,Geita
Dkt. KALEMANI Medard Matogolo,CCM,135999,Chato,Geita
Mwl. MASAI Lucas Michael Mtabi,CHADEMA,7473,Chato,Geita
MUSUKUMA Joseph Kasheku,CCM,31510,Geita,Geita
CHOZAILE Steven Neema,CHADEMA,3901,Geita,Geita
PASCHAL Lweyega Masulubu,CUF,1179,Geita,Geita
RASTA-IKOLONGO Emanuel Otto,ACT-Wazalendo,260,Geita Mjini,Geita
SLYVESTER Francis Mahenge,CCK,245,Geita Mjini,Geita
CONSTANTINE John Kanyasu,CCM,30277,Geita Mjini,Geita
UPENDO Furaha Peneza,CHADEMA,17272,Geita Mjini,Geita
MALEBO Michael Peter,CUF,101,Geita Mjini,Geita
DAMASI Wilbert Maganga,NCCR-Mageuzi,50,Geita Mjini,Geita
NICODEMAS Henry Maganga,CCM,33339,Mbogwe,Geita
GODY Bagamba Bagamba,CHADEMA,6196,Mbogwe,Geita
BUKA James Siyantemi,CUF,366,Mbogwe,Geita
HUSSEIN Nassor Amar,CCM,29822,Nyang'Hwale,Geita
FIKIRI Gabriel Evarist,CHADEMA,6886,Nyang'Hwale,Geita
KITULA Andrea Michael,CUF,222,Nyang'Hwale,Geita
RAI Yusuph Rashidi,AAFP,194,Iringa Mjini,Iringa
NDAMBO Anderson Emanuel,ACT-Wazalendo,73,Iringa Mjini,Iringa
MASASI Daudi Issa,ADC,142,Iringa Mjini,Iringa
JESCA Jonathani Msambatavangu,CCM,36034,Iringa Mjini,Iringa
MSIGWA Peter Simon,CHADEMA,19331,Iringa Mjini,Iringa
ANDREW Victor Mitule,CHAUMMA,76,Iringa Mjini,Iringa
REHEMA Musa Chewa,CUF,100,Iringa Mjini,Iringa
SAIDI Idd Mdendemi,DEMOKRASIA MAKINI,46,Iringa Mjini,Iringa
KISININI Robert Alexander,NCCR-Mageuzi,38,Iringa Mjini,Iringa
HAPPYNESS Manase Kipokola,TLP,37,Iringa Mjini,Iringa
ROBERT Shila Haonga,ACT-Wazalendo,322,Ismani,Iringa
LUKUVI William Vangimembe,CCM,24934,Ismani,Iringa
SOSOPI Patrick Kapurwa,CHADEMA,10399,Ismani,Iringa
NASIMU Yahaya Upete,CUF,115,Ismani,Iringa
KISWAGA Jackson Gedion,CCM,43482,Kalenga,Iringa
TENDEGA Grace Victor,CHADEMA,7081,Kalenga,Iringa
NYAMOGA Lazaro Justin,CCM,64638,Kilolo,Iringa
JULLY Petro Mpugula,CHADEMA,8914,Kilolo,Iringa
KIGAHE Exaud Silaoneka,CCM,25408,Mufindi Kaskazini,Iringa
MASONDA Kigobela Jumanne,CHADEMA,2863,Mufindi Kaskazini,Iringa
KIHENZILE David Mwakiposa,CCM,59793,Mufindi Kusini,Iringa
KITALIKA Emmanuel Titho,CHADEMA,1716,Mufindi Kusini,Iringa
EZRA John Chiwelesa,CCM,40526,Biharamulo Magharibi,Kagera
MBELWA Petro Zimbiha,CHADEMA,16274,Biharamulo Magharibi,Kagera
JUMA Khamis Ibrahim,ACT-Wazalendo,267,Bukoba Mjini,Kagera
BYABATO Stephen Lujwahuka,CCM,29208,Bukoba Mjini,Kagera
CHIEF Adronicus Karumuna,CHADEMA,17348,Bukoba Mjini,Kagera
RABIA Badru Ayoub,CUF,186,Bukoba Mjini,Kagera
EVODIUS Tirugiranganzi Yohana,NCCR-Mageuzi,38,Bukoba Mjini,Kagera
FRIDORINE Ndigirwa Gosbert,NLD,35,Bukoba Mjini,Kagera
TASLIMA Twaha Issa,ACT-Wazalendo,1302,Bukoba Vijijini,Kagera
Dkt. RWEIKIZA Jasson Samson,CCM,44509,Bukoba Vijijini,Kagera
CONCHESTA Leonce Rwamlaza,CHADEMA,30880,Bukoba Vijijini,Kagera
HAMDUNY Marcel Muzaula,CUF,376,Bukoba Vijijini,Kagera
INNOCENT Lugha Bashungwa,CCM,68371,Karagwe,Kagera
ADOLF Peleus Mukono,CHADEMA,15773,Karagwe,Kagera
NTAREYEIGURU Juvenary Frederick,ACT-Wazalendo,947,Kyerwa,Kagera
BILAKWATE Innocent Sebba,CCM,61848,Kyerwa,Kagera
ANATROPIA Lwehikila Theonest,CHADEMA,45893,Kyerwa,Kagera
ALEX Francis Rugala,CHAUMMA,379,Kyerwa,Kagera
CHARLES John Mwijage,CCM,34957,Muleba Kaskazini,Kagera
DUNSTAN Nicolaus Mutagahywa,CHADEMA,13411,Muleba Kaskazini,Kagera
Dkt. OSCAR Ishengoma Kikoyo,CCM,68356,Muleba Kusini,Kagera
MECHARD Rwizile Tiba,CHADEMA,20649,Muleba Kusini,Kagera
NKUNGU Henerico Erasto,NCCR-Mageuzi,1005,Muleba Kusini,Kagera
NDAISABA George Ruhoro,CCM,78776,Ngara,Kagera
DEDAN Joachim Rajab,CHADEMA,7913,Ngara,Kagera
ANORD Efta Bagaya,NCCR-Mageuzi,713,Ngara,Kagera
LAULIAN Leonard Kabakama,ACT-Wazalendo,621,Nkenge,Kagera
KYOMBO Florent Laurent,CCM,58051,Nkenge,Kagera
MAGRETH Domitian Kyai,CHADEMA,4803,Nkenge,Kagera
BAKEKELA Leonard Leopord,CUF,179,Nkenge,Kagera
KWEYAMBA William Ishengoma,TLP,87,Nkenge,Kagera
OTHMAN Omar Haji,ACT-Wazalendo,2047,Gando,Kaskazini Pemba
RAMADHANI Abdalla Ramadhani,ADA-TADEA,38,Gando,Kaskazini Pemba
KHEIR Ali Khamis,ADC,42,Gando,Kaskazini Pemba
SALIM Mussa Omar,CCM,3390,Gando,Kaskazini Pemba
HAFIDH Ali Saleh,CHADEMA,421,Gando,Kaskazini Pemba
SAID Khalifa Suleiman,CUF,120,Gando,Kaskazini Pemba
OMAR Said Rashid,DEMOKRASIA MAKINI,40,Gando,Kaskazini Pemba
KOMBO Rashid Ali,ACT-Wazalendo,2360,Kojani,Kaskazini Pemba
ZULFA Asaa Ali,ADA-TADEA,65,Kojani,Kaskazini Pemba
HAMAD Hassan Chande,CCM,3363,Kojani,Kaskazini Pemba
FAKI Suleiman Khatib,CHADEMA,854,Kojani,Kaskazini Pemba
MASOUD Hamad Salim,CUF,210,Kojani,Kaskazini Pemba
MOHAMMED Likindi Hamad,DEMOKRASIA MAKINI,84,Kojani,Kaskazini Pemba
KHALID Makame Issa,N.R. A,175,Kojani,Kaskazini Pemba
KHATIB Said Haji,ACT-Wazalendo,1552,Konde,Kaskazini Pemba
MASOUD Othman Bakar,ADA-TADEA,18,Konde,Kaskazini Pemba
BAKAR Makame Khamis,ADC,38,Konde,Kaskazini Pemba
SHEHA Mpemba Faki,CCM,1245,Konde,Kaskazini Pemba
MOHAMMED Suleiman Said,CHADEMA,781,Konde,Kaskazini Pemba
OMAR Hamad Khamis,CUF,92,Konde,Kaskazini Pemba
ABRAHMAN Mbarouk Juma,DEMOKRASIA MAKINI,26,Konde,Kaskazini Pemba
ABDIRAHIM Ali Slum,NCCR-Mageuzi,59,Konde,Kaskazini Pemba
IDDI Khatib Hamad,ACT-Wazalendo,1603,Micheweni,Kaskazini Pemba
HAMAD Abdalla Chande,ADC,114,Micheweni,Kaskazini Pemba
ABDI Hija Mkasha,CCM,2984,Micheweni,Kaskazini Pemba
MBWANA Haji Mbwana,CUF,90,Micheweni,Kaskazini Pemba
TIME Ramadhani Bakari,DEMOKRASIA MAKINI,42,Micheweni,Kaskazini Pemba
JUMA Hamad Juma,NCCR-Mageuzi,114,Micheweni,Kaskazini Pemba
KHALIFA Mohammed Issa,ACT-Wazalendo,2703,Mtambwe,Kaskazini Pemba
SALAMA Assaa Muombwa,ADC,73,Mtambwe,Kaskazini Pemba
MGENI Khatib Yahya,CCM,964,Mtambwe,Kaskazini Pemba
KASSIM Othman Kombo,CHADEMA,474,Mtambwe,Kaskazini Pemba
ALI Makame Ali,CUF,62,Mtambwe,Kaskazini Pemba
OMAR Ali Hamad,DEMOKRASIA MAKINI,38,Mtambwe,Kaskazini Pemba
MUHAMMED Khalfan Issa,ACT-Wazalendo,1699,Pandani,Kaskazini Pemba
HAMAD Baraka Mbarouk,ADA-TADEA,13,Pandani,Kaskazini Pemba
ALI Jabir Khamis,ADC,49,Pandani,Kaskazini Pemba
ABDALLAH Rashid Othman,CCM,848,Pandani,Kaskazini Pemba
JUMA Said Hemed,CHADEMA,212,Pandani,Kaskazini Pemba
MARYAM Omar Said,CUF,2370,Pandani,Kaskazini Pemba
SAID Hamad Ali,DEMOKRASIA MAKINI,8,Pandani,Kaskazini Pemba
KHAMIS Ali Omar,ACT-Wazalendo,1200,Tumbe,Kaskazini Pemba
SALEH Mohammed Saleh,ADC,75,Tumbe,Kaskazini Pemba
AMOUR Khamis Mbarouk,CCM,1428,Tumbe,Kaskazini Pemba
ISSA Sultan Issa,CHADEMA,313,Tumbe,Kaskazini Pemba
ALI Omar Ali,CUF,72,Tumbe,Kaskazini Pemba
RASHID Hamad Said,DEMOKRASIA MAKINI,30,Tumbe,Kaskazini Pemba
KHAMIS Othman Haji,NCCR-Mageuzi,84,Tumbe,Kaskazini Pemba
OMAR Ali Omar,ACT-Wazalendo,2868,Wete,Kaskazini Pemba
MOHAMMED Khamis Mohammed,ADA-TADEA,33,Wete,Kaskazini Pemba
SALUM Muhammed Ali,ADC,39,Wete,Kaskazini Pemba
JUMA Shaban Juma,CCM,1569,Wete,Kaskazini Pemba
SHAFI Mohammed Shafi,CHADEMA,422,Wete,Kaskazini Pemba
MASOUD Ali Salum,CUF,89,Wete,Kaskazini Pemba
ASHA Fumu Ali,DEMOKRASIA MAKINI,9,Wete,Kaskazini Pemba
YUSSUF Zubeir Ali,N.R. A,4,Wete,Kaskazini Pemba
MARYAM Omar Khamis,TLP,9,Wete,Kaskazini Pemba
JUMA Kombo Hamad,ACT-Wazalendo,1246,Wingwi,Kaskazini Pemba
SHAMIS Hamad Ali,ADA-TADEA,37,Wingwi,Kaskazini Pemba
ZUWENA Amour Khamis,ADC,37,Wingwi,Kaskazini Pemba
OMAR Issa Kombo,CCM,1788,Wingwi,Kaskazini Pemba
KHAMIS Hamad Khamis,CHADEMA,318,Wingwi,Kaskazini Pemba
ALI Othman Ali,CUF,50,Wingwi,Kaskazini Pemba
SULEIMAN Khamis Rashid,DEMOKRASIA MAKINI,21,Wingwi,Kaskazini Pemba
SLEYUM Juma Sleyum,NCCR-Mageuzi,77,Wingwi,Kaskazini Pemba
AHMED Salum Hamad,NLD,126,Wingwi,Kaskazini Pemba
MBAROUK Juma Khatib,CCM,11240,Bumbwini,Kaskazini Unguja
KHAMIS Juma Makungu,CHADEMA,1601,Bumbwini,Kaskazini Unguja
KOMBO Khamis Vuai,CUF,209,Bumbwini,Kaskazini Unguja
HASSAN Saleh Adam,DP,61,Bumbwini,Kaskazini Unguja
MWAJUMA Abdalla Ali,UDP,70,Bumbwini,Kaskazini Unguja
MUHIDINI Khatibu Pandu,AAFP,57,Chaani,Kaskazini Unguja
KUNDI Haji Mkombe,ACT-Wazalendo,1444,Chaani,Kaskazini Unguja
JUMA Usonge Hamad,CCM,8198,Chaani,Kaskazini Unguja
JUMA Haji Sauti,CHADEMA,173,Chaani,Kaskazini Unguja
BADRU Abdalla Moh'd,CHAUMMA,101,Chaani,Kaskazini Unguja
HUSSEN Mussa Foum,CUF,116,Chaani,Kaskazini Unguja
HUSSEIN Kassim Sheha,ACT-Wazalendo,531,Donge,Kaskazini Unguja
KHALFAN Mwalim Jabir,ADC,70,Donge,Kaskazini Unguja
SOUD Mohammed Jumah,CCM,8232,Donge,Kaskazini Unguja
SULEIMAN Khatib Foum,CUF,65,Donge,Kaskazini Unguja
RASHID Juma Abdallah,UDP,129,Donge,Kaskazini Unguja
YAHYA Ali Khamis,CCM,5848,Kijini,Kaskazini Unguja
MIZE Ali Haji,CHADEMA,1908,Kijini,Kaskazini Unguja
VUAI Kona Haji,CUF,328,Kijini,Kaskazini Unguja
HASSAN Jaku Hassan,UPDP,188,Kijini,Kaskazini Unguja
MAKAME Faki Makame,ACT-Wazalendo,1093,Mahonda,Kaskazini Unguja
AME Ali Haji,ADC,116,Mahonda,Kaskazini Unguja
MWINYI Abdullah Ali,CCM,8803,Mahonda,Kaskazini Unguja
BAHATI Chum Haji,CHADEMA,316,Mahonda,Kaskazini Unguja
OMAR Mohammed Hassan,CUF,108,Mahonda,Kaskazini Unguja
AME Othman Hassan,UDP,121,Mahonda,Kaskazini Unguja
SADA Ali Khamis,UPDP,34,Mahonda,Kaskazini Unguja
SAID Ali Mcha,ACT-Wazalendo,1830,Mkwajuni,Kaskazini Unguja
KHAMIS Ali Vuai,CCM,8933,Mkwajuni,Kaskazini Unguja
KHAMIS Ali Nahoda,CUF,198,Mkwajuni,Kaskazini Unguja
PANDU Haji Sheha,NCCR-Mageuzi,69,Mkwajuni,Kaskazini Unguja
DENGE Makame Mchezo,UMD,88,Mkwajuni,Kaskazini Unguja
AME Is-haka Sheha,ACT-Wazalendo,3125,Nungwi,Kaskazini Unguja
SIMAI Hassan Sadiki,CCM,7376,Nungwi,Kaskazini Unguja
ALI Ibrahim Juma,CHADEMA,462,Nungwi,Kaskazini Unguja
SULEIMAN Ame Khamis,CUF,188,Nungwi,Kaskazini Unguja
HUSSEIN Ramadhan Layya,DEMOKRASIA MAKINI,119,Nungwi,Kaskazini Unguja
MTUMWA Haji Makame,ACT-Wazalendo,2027,Tumbatu,Kaskazini Unguja
HAJI Makame Mwadini,ADC,135,Tumbatu,Kaskazini Unguja
JUMA Othman Hija,CCM,9349,Tumbatu,Kaskazini Unguja
KHADIJA Mohammed Muhsin,CUF,149,Tumbatu,Kaskazini Unguja
PINDA Geophrey Mizengo,CCM,41401,Kavuu,Katavi
STEPHEN Mertus Hamis,CHADEMA,2920,Kavuu,Katavi
KISESA Stanslous Michael,ACT-Wazalendo,289,Mpanda Mjini,Katavi
KAPUFI Sebastian Simon,CCM,24202,Mpanda Mjini,Katavi
RHODA Edward Kunchela,CHADEMA,13611,Mpanda Mjini,Katavi
ARAM Hezekia Ndimubenya,CUF,66,Mpanda Mjini,Katavi
JULIANA Donald Mwakang'wali,ACT-Wazalendo,2841,Mpanda Vijijini,Katavi
KAKOSO Moshi Selemani,CCM,35092,Mpanda Vijijini,Katavi
EMMANUEL Sisto Lusambo,CHADEMA,5350,Mpanda Vijijini,Katavi
MARIAMU Omari Mabuga,NCCR-Mageuzi,237,Mpanda Vijijini,Katavi
PHILIPO John Mallac,ACT-Wazalendo,1292,Nsimbo,Katavi
ANNA Richard Lupembe,CCM,38346,Nsimbo,Katavi
IDDI Omari Faraji,CHADEMA,904,Nsimbo,Katavi
SHAMBWE Godfrey John Mkasu,CHAUMMA,1159,Nsimbo,Katavi
SENDWE Ibrahim Mbaruku,ACT-Wazalendo,1307,Buhigwe,Kigoma
MPANGO Philip Isdor,CCM,43481,Buhigwe,Kigoma
LUKURAZO Liberatus Pastory,CHADEMA,10375,Buhigwe,Kigoma
BUKEBUKE Moshi Abdallah,CUF,324,Buhigwe,Kigoma
IBRAHIM Bakari Magara,N.R. A,114,Buhigwe,Kigoma
MASULUBE Syprian James,NCCR-Mageuzi,380,Buhigwe,Kigoma
MTONDO Haruna Balela,ACT-Wazalendo,801,Buyungu,Kigoma
KAMAMBA Aloyce John,CCM,28912,Buyungu,Kigoma
ASHURA Masoud Mashaka,CHADEMA,11602,Buyungu,Kigoma
KIZA Hassan Sambiro,CUF,92,Buyungu,Kigoma
KALIMANZIRA Odas Gasper,NCCR-Mageuzi,181,Buyungu,Kigoma
HAMZA Japhary Mtunu,ACT-Wazalendo,3653,Kasulu Mjini,Kigoma
NDALICHAKO Joyce Lazaro,CCM,49390,Kasulu Mjini,Kigoma
RUBIBI Idrisa Kassim,CHADEMA,1510,Kasulu Mjini,Kigoma
VEDASTO Kagina Managane,CUF,317,Kasulu Mjini,Kigoma
PHINEHAS Leonard Kihoza,NCCR-Mageuzi,528,Kasulu Mjini,Kigoma
EDIBILY Kazala Kinyoma,ACT-Wazalendo,9757,Kasulu Vijijini,Kigoma
VUMA Holle Augustine,CCM,37795,Kasulu Vijijini,Kigoma
MESHACK Simon Luseba,CHADEMA,20904,Kasulu Vijijini,Kigoma
CATHERINE Dickisoni Batenga,CUF,389,Kasulu Vijijini,Kigoma
YONA Pius Msongwa,NCCR-Mageuzi,947,Kasulu Vijijini,Kigoma
SWAGE Zairi Swage,ACT-Wazalendo,10455,Kigoma Kaskazini,Kigoma
DUMANGO Yahya Dumango,ADC,189,Kigoma Kaskazini,Kigoma
MAKANIKA Assa Nelson,CCM,24066,Kigoma Kaskazini,Kigoma
ACRANI John Peter,CHADEMA,2588,Kigoma Kaskazini,Kigoma
KIZA Hussein Mayeye,CUF,16252,Kigoma Kaskazini,Kigoma
MSENGA Juma Songoro,N.R. A,110,Kigoma Kaskazini,Kigoma
KITENTYA Luth Shaban,NCCR-Mageuzi,164,Kigoma Kaskazini,Kigoma
KHALID Sadick Shaban,TLP,235,Kigoma Kaskazini,Kigoma
TATU Saidi Hussein,UMD,63,Kigoma Kaskazini,Kigoma
BAKEMA Said Rashid,ACT-Wazalendo,17222,Kigoma Kusini,Kigoma
MANDELA Daniely Ntaondenga,ADA-TADEA,297,Kigoma Kusini,Kigoma
ARABU Ahmadi Machali,CCK,438,Kigoma Kusini,Kigoma
NASHON William Bidyanguze,CCM,36496,Kigoma Kusini,Kigoma
ELIAH Evarist Gregory,CHADEMA,2476,Kigoma Kusini,Kigoma
GERALD Ibrahim Ntagalugwa,CUF,548,Kigoma Kusini,Kigoma
ABDALLAH Hussein Masanga,NCCR-Mageuzi,4380,Kigoma Kusini,Kigoma
ZABIBU Nuru Bashange,UMD,157,Kigoma Kusini,Kigoma
ALLY Mzee Athumani,AAFP,282,Kigoma Mjini,Kigoma
ZITTO Kabwe Zuberi Ruyagwa,ACT-Wazalendo,20600,Kigoma Mjini,Kigoma
TONDA Omary Hamimu,ADA-TADEA,114,Kigoma Mjini,Kigoma
KILUMBE Shabani Ng'enda,CCM,27688,Kigoma Mjini,Kigoma
MANGU Francis Xavier,CHADEMA,1227,Kigoma Mjini,Kigoma
ABDALLAH Ally Bukuku,CHAUMMA,2,Kigoma Mjini,Kigoma
HAMISI Ramadhani Kwezi,DEMOKRASIA MAKINI,11,Kigoma Mjini,Kigoma
JESCA Kareba Kabeza,DP,29,Kigoma Mjini,Kigoma
GIBSON Edward Katole,N.R. A,21,Kigoma Mjini,Kigoma
WISTON Andrew Mogha,NCCR-Mageuzi,25,Kigoma Mjini,Kigoma
ZUHURA Mahmudu Semalai,SAU,38,Kigoma Mjini,Kigoma
MLEZI Juma Ramadhani,UDP,16,Kigoma Mjini,Kigoma
ZABIBU Athumani Kaliza,UMD,7,Kigoma Mjini,Kigoma
MICHAEL Cypriano Kimena,UPDP,38,Kigoma Mjini,Kigoma
MASABO Julius Joseph,ACT-Wazalendo,2996,Muhambwe,Kigoma
NDITIYE Atashasta Justus,CCM,29837,Muhambwe,Kigoma
MKOSAMALI Felix Francis,CHADEMA,15248,Muhambwe,Kigoma
KIRUNGA Nicholaus Cosmas,CUF,473,Muhambwe,Kigoma
MBARUKU Salehe Mhina,ACT-Wazalendo,315,Hai,Kilimanjaro
SAASHISHA Elinikyo Mafuwe,CCM,89786,Hai,Kilimanjaro
MBOWE Freeman Aikaeli,CHADEMA,27684,Hai,Kilimanjaro
BUNI Abdul Ramole,ACT-Wazalendo,374,Moshi Mjini,Kilimanjaro
PRISCUS Jacob Tarimo,CCM,31169,Moshi Mjini,Kilimanjaro
RAYMOND Robert Mboya,CHADEMA,22555,Moshi Mjini,Kilimanjaro
FATUMA Linus Msuya,CUF,85,Moshi Mjini,Kilimanjaro
NEEMA Stephen Mushi,DEMOKRASIA MAKINI,51,Moshi Mjini,Kilimanjaro
MALISA Dr. Godfrey Fataeli,NCCR-Mageuzi,59,Moshi Mjini,Kilimanjaro
ISAAC Kireti Kamasho,SAU,93,Moshi Mjini,Kilimanjaro
MDIMU Ally Shabani,ACT-Wazalendo,3189,Moshi Vijijini,Kilimanjaro
NDAKIDEMI Patrick Alois,CCM,53891,Moshi Vijijini,Kilimanjaro
OBOTE Elias Kimambo,DP,399,Moshi Vijijini,Kilimanjaro
KOMU Anthony Kalist,NCCR-Mageuzi,3888,Moshi Vijijini,Kilimanjaro
TADAYO Joseph Anania,CCM,27127,Mwanga,Kilimanjaro
KILEWO Henry John,CHADEMA,4128,Mwanga,Kilimanjaro
UMMY Salum Mchomvu,CUF,89,Mwanga,Kilimanjaro
JOYCE Edward Mfinanga,NCCR-Mageuzi,866,Mwanga,Kilimanjaro
MWANGA Kinanzaro Geofrey,TLP,54,Mwanga,Kilimanjaro
MASSAWE Jafet Mark,ACT-Wazalendo,1564,Rombo,Kilimanjaro
ADOLF Faustine Mkenda,CCM,48122,Rombo,Kilimanjaro
ASSENGA Patrick John,CHADEMA,9519,Rombo,Kilimanjaro
TADAYO Jubilate Joseph,CUF,107,Rombo,Kilimanjaro
JOSEPH Roman Selasini,NCCR-Mageuzi,416,Rombo,Kilimanjaro
CLEMENCE Michael Kimario,TLP,167,Rombo,Kilimanjaro
Dkt. MATHAYO David Mathayo,CCM,24260,Same Magharibi,Kilimanjaro
MGONJA Gervas Eliewaha,CHADEMA,7558,Same Magharibi,Kilimanjaro
MICHAEL Ezekiel Mshighati,CHAUMMA,133,Same Magharibi,Kilimanjaro
ELISANTE Majidi Jumanne,NCCR-Mageuzi,201,Same Magharibi,Kilimanjaro
DIMITRY Ulysious Papadopulos,ACT-Wazalendo,297,Same Mashariki,Kilimanjaro
ANNE Kilango Malecela,CCM,26225,Same Mashariki,Kilimanjaro
KABOYOKA Naghenjwa Livingstone,CHADEMA,8836,Same Mashariki,Kilimanjaro
MKANZA Idd Alfani,CUF,132,Same Mashariki,Kilimanjaro
ALLY Shangweli Mbwambo,NCCR-Mageuzi,47,Same Mashariki,Kilimanjaro
AMEDEUS Gasper Kitali,ACT-Wazalendo,418,Siha,Kilimanjaro
Dkt. GODWIN Oloyce Mollel,CCM,22172,Siha,Kilimanjaro
ELVIS Christopher Mosi,CHADEMA,8614,Siha,Kilimanjaro
LESLIE Johnson Kileo,NCCR-Mageuzi,306,Siha,Kilimanjaro
ELIZABETH Michael Salewa,AAFP,470,Vunjo,Kilimanjaro
MFINANGA Iddy Hussein,ACT-Wazalendo,215,Vunjo,Kilimanjaro
KIMEI Charles Stephen,CCM,40170,Vunjo,Kilimanjaro
KIWELU Grace Sindato,CHADEMA,8675,Vunjo,Kilimanjaro
MBATIA James Francis,NCCR-Mageuzi,4949,Vunjo,Kilimanjaro
MREMA Augustino Lyatonga,TLP,606,Vunjo,Kilimanjaro
FATMA Doto Shauri,AAFP,50,Chakechake,Kusini Pemba
ALI Bakar Hamad,ACT-Wazalendo,1701,Chakechake,Kusini Pemba
MUSSA Yakubu Hassan,ADA-TADEA,33,Chakechake,Kusini Pemba
ABDUL-KARIM Yunuss Yahya,ADC,126,Chakechake,Kusini Pemba
RAMADHAN Suleiman Ramadhan,CCM,4136,Chakechake,Kusini Pemba
RUKIA Abuu Moh'd,CHADEMA,278,Chakechake,Kusini Pemba
HAROUB Mohamed Shamis,CUF,764,Chakechake,Kusini Pemba
MOHD Ali Rashid,DEMOKRASIA MAKINI,27,Chakechake,Kusini Pemba
FATMA Marjan Juma,N.R. A,63,Chakechake,Kusini Pemba
ALI Salum Khamis,NCCR-Mageuzi,23,Chakechake,Kusini Pemba
BIMKUBWA Ramadhan Hamad,UDP,25,Chakechake,Kusini Pemba
SHAABAN Khamis Mohammed,AAFP,123,Chambani,Kusini Pemba
KHAMIS Moh'd Omar,ADA-TADEA,169,Chambani,Kusini Pemba
OMAR Hamad Makame,ADC,101,Chambani,Kusini Pemba
MOHAMED Abdulrahman Mwinyi,CCM,2987,Chambani,Kusini Pemba
MOHAMMED Juma Haji,CHADEMA,1192,Chambani,Kusini Pemba
HAJI Ali Moh'd,CUF,1418,Chambani,Kusini Pemba
HAFIDH Omar Jafar,DEMOKRASIA MAKINI,130,Chambani,Kusini Pemba
ASHA Muhsin Ali,NCCR-Mageuzi,95,Chambani,Kusini Pemba
ASHA Moh'd Omar,UDP,54,Chambani,Kusini Pemba
ABDALLA Othman Ali,AAFP,17,Chonga,Kusini Pemba
SALUM Mohammed Shaafi,ACT-Wazalendo,1890,Chonga,Kusini Pemba
NASSOR Suleiman Moh'd,ADA-TADEA,29,Chonga,Kusini Pemba
SHAABAN Abdalla Khamis,ADC,8,Chonga,Kusini Pemba
JUMA Mohammed Juma,CCM,1763,Chonga,Kusini Pemba
MBAROUK Suleiman Ali,CUF,269,Chonga,Kusini Pemba
ALI Abasi Ali,DEMOKRASIA MAKINI,12,Chonga,Kusini Pemba
MAUWA Suleiman Moh'd,N.R. A,14,Chonga,Kusini Pemba
KHAMIS Othman Khamis,NCCR-Mageuzi,52,Chonga,Kusini Pemba
ABDUL-HAKIM Mohammed Ali,UDP,106,Chonga,Kusini Pemba
JAFFAR Juma Chande,AAFP,89,Kiwani,Kusini Pemba
SAID Mohammed Abdalla,ADA-TADEA,121,Kiwani,Kusini Pemba
SEIF Hamadi Mussa,ADC,108,Kiwani,Kusini Pemba
RASHID Abdalla Rashid,CCM,3209,Kiwani,Kusini Pemba
MKUJA Sharif Kheri,CHADEMA,1277,Kiwani,Kusini Pemba
MUHAMMED Haji Ali,CUF,617,Kiwani,Kusini Pemba
ABDALLA Said Ali,DEMOKRASIA MAKINI,81,Kiwani,Kusini Pemba
ABDULLA Othman Talib,N.R. A,59,Kiwani,Kusini Pemba
SULEIMANI Machano Mussa,NCCR-Mageuzi,78,Kiwani,Kusini Pemba
NASIR Mohamed Juma,AAFP,105,Mkoani,Kusini Pemba
ALI Hassan Muhunzi,ADA-TADEA,111,Mkoani,Kusini Pemba
MAKAME Mnyaa Mbarawa,CCM,8643,Mkoani,Kusini Pemba
AME Ameir Othman,CHADEMA,1871,Mkoani,Kusini Pemba
MOHAMED Vuai Makame,CUF,524,Mkoani,Kusini Pemba
SAID Mohammed Jabir,DEMOKRASIA MAKINI,15,Mkoani,Kusini Pemba
HABIBA Masoud Zam,AAFP,96,Mtambile,Kusini Pemba
SALIM Abdalla Herezi,ACT-Wazalendo,1886,Mtambile,Kusini Pemba
AMINA Muhammed Ali,ADA-TADEA,170,Mtambile,Kusini Pemba
KOMBO Khatibu Kombo,ADC,259,Mtambile,Kusini Pemba
KHAMIS Salum Ali,CCM,1960,Mtambile,Kusini Pemba
OMAR Othman Nassor,CHADEMA,350,Mtambile,Kusini Pemba
SEIF Salum Seif,CUF,2258,Mtambile,Kusini Pemba
BIKOMBO Alawi Mohammed,DEMOKRASIA MAKINI,86,Mtambile,Kusini Pemba
SAID Othman Said,N.R. A,50,Mtambile,Kusini Pemba
WAHIDI Khamis Mohammed,NCCR-Mageuzi,143,Mtambile,Kusini Pemba
JUMA Khamis Juma,AAFP,54,Ole,Kusini Pemba
KHAMIS Saleh Khamis,ADA-TADEA,74,Ole,Kusini Pemba
SAID Seif Said,ADC,147,Ole,Kusini Pemba
JUMA Hamad Omar,CCM,1961,Ole,Kusini Pemba
LUKMAN Yussuf Abdi,CHADEMA,641,Ole,Kusini Pemba
MARYAM Saleh Juma,CHAUMMA,914,Ole,Kusini Pemba
ALI Makame Issa,CUF,266,Ole,Kusini Pemba
SAID Salum Yussuf,DEMOKRASIA MAKINI,33,Ole,Kusini Pemba
ASHA Jongo Mohammed,N.R. A,52,Ole,Kusini Pemba
NADH-RIA Suleiman Said,TLP,29,Ole,Kusini Pemba
NASSOR Haji Nassor,AAFP,163,Wawi,Kusini Pemba
KHAMIS Omar Khamis,ADA-TADEA,259,Wawi,Kusini Pemba
MARYAM Mohammed Muhene,ADC,859,Wawi,Kusini Pemba
BIMKUBWA Juma Khamis,CCK,104,Wawi,Kusini Pemba
KHAMIS Kassim Ali,CCM,5041,Wawi,Kusini Pemba
SALUM Masoud Khamis,CHADEMA,666,Wawi,Kusini Pemba
MWAJUMA Ali Salum,CHAUMMA,1597,Wawi,Kusini Pemba
ABDALLA Seif Omar,CUF,1882,Wawi,Kusini Pemba
AHMED Khamis Abdalla,DEMOKRASIA MAKINI,260,Wawi,Kusini Pemba
BIMKUBWA Abdalla Said,N.R. A,175,Wawi,Kusini Pemba
MUHAMED Seif Muhamed,TLP,176,Wawi,Kusini Pemba
ASHA Muhammed Ali,UDP,167,Wawi,Kusini Pemba
KISHORE Mohammed Khatib,AAFP,13,Ziwani,Kusini Pemba
JABIR Maalim Jabir,ACT-Wazalendo,2949,Ziwani,Kusini Pemba
ABASS Hamad Ngare,ADA-TADEA,10,Ziwani,Kusini Pemba
SAID Kassim Juma,ADC,6,Ziwani,Kusini Pemba
DEDI Ahmed Juma Ngwali,CCM,4199,Ziwani,Kusini Pemba
ALI Juma Hamad,CHADEMA,32,Ziwani,Kusini Pemba
MBARUK Seif Salim,CUF,328,Ziwani,Kusini Pemba
SAID Salum Kombo,DEMOKRASIA MAKINI,2,Ziwani,Kusini Pemba
ABDULLAH Mohammed Said,N.R. A,9,Ziwani,Kusini Pemba
ZIADA Khalfan Salehe,TLP,3,Ziwani,Kusini Pemba
MARIAMU Abdalla Sultan,UDP,17,Ziwani,Kusini Pemba
HIDAYA Yussuf Ali,ACT-Wazalendo,1080,Chwaka,Kusini Unguja
HAJI Makame Mlenge,CCM,7563,Chwaka,Kusini Unguja
AZIZA Amour Silima,UPDP,125,Chwaka,Kusini Unguja
ISSA Pandu Issa,ACT-Wazalendo,1150,Makunduchi,Kusini Unguja
ISSA Juma Msuri,ADC,637,Makunduchi,Kusini Unguja
RAVIA Idarus Faina,CCM,8848,Makunduchi,Kusini Unguja
BIMKUBWA Bereki Mbaraka,CHADEMA,705,Makunduchi,Kusini Unguja
ILYASA Abdulla Ahmada,CUF,69,Makunduchi,Kusini Unguja
AMOUR Haji Ali,SAU,32,Makunduchi,Kusini Unguja
ALY Abdallah Mwendo,ADA-TADEA,111,Paje,Kusini Unguja
KHADIJA Ratibu Mfamau,ADC,265,Paje,Kusini Unguja
JAFFAR Sanya Jusa,CCM,6568,Paje,Kusini Unguja
MOHAMMED Ayoub Haji,CHADEMA,1012,Paje,Kusini Unguja
BAKARI Ali Akida,ACT-Wazalendo,1553,Tunguu,Kusini Unguja
KHALIFA Salum Suleiman,CCM,9407,Tunguu,Kusini Unguja
HAFIDH Mbarak Abdulrahman,CHADEMA,264,Tunguu,Kusini Unguja
KOMBO Bakari Ali,CUF,115,Tunguu,Kusini Unguja
HALIMA Khamisi Deulle,NCCR-Mageuzi,70,Tunguu,Kusini Unguja
MOHAMMED Nur Mohammed,ACT-Wazalendo,1108,Uzini,Kusini Unguja
KHAMIS Hamza Khamis,CCM,13552,Uzini,Kusini Unguja
JOHN Agostino Laurence,CHADEMA,136,Uzini,Kusini Unguja
ALI Mbarouk Mshimba,CUF,132,Uzini,Kusini Unguja
HASSAN Mrisho Ramadhani,DP,45,Uzini,Kusini Unguja
MKETO Shaweji Mohamedi,ACT-Wazalendo,1341,Kilwa Kaskazini,Lindi
NDULANE Francis Kumba,CCM,20501,Kilwa Kaskazini,Lindi
GEOFREY Titus Kipengele,CHADEMA,477,Kilwa Kaskazini,Lindi
NGOMBALE Vedasto Edgar,CUF,8513,Kilwa Kaskazini,Lindi
BUNGARA Selemani Said,ACT-Wazalendo,10096,Kilwa Kusini,Lindi
KASSINGE Ally Mohamed,CCM,22521,Kilwa Kusini,Lindi
JUMA Mohamed Ng'itu,CHADEMA,656,Kilwa Kusini,Lindi
MJAKA Abuu Mussa,CUF,3420,Kilwa Kusini,Lindi
MCHINJITA Rashid Isihaka,ACT-Wazalendo,12793,Lindi Mjini,Lindi
HAMIDA Mohamed Abdallah,CCM,16323,Lindi Mjini,Lindi
MOHAMEDI Taher Abubakari,CHADEMA,637,Lindi Mjini,Lindi
SALUM Khalfan Baruwany,CUF,245,Lindi Mjini,Lindi
RIZIKI Omari Ngaga,TLP,74,Lindi Mjini,Lindi
KITENGE Hamisi Mohamed,UPDP,63,Lindi Mjini,Lindi
MNOKOTA Issa Mbakayage,ACT-Wazalendo,1566,Liwale,Lindi
NGAUGA Saidi Ally,ADC,659,Liwale,Lindi
KUCHAUKA Zuberi Mohamedi,CCM,50254,Liwale,Lindi
HAMADI Hamadi Kamtande,CHADEMA,1472,Liwale,Lindi
LIPWATA Shaibu Said,CUF,5980,Liwale,Lindi
NG'ONDE Serevesta Daudi,NCCR-Mageuzi,687,Liwale,Lindi
CHUMI Mohamedi Bakari,UDP,445,Liwale,Lindi
MTOTOMWEMA Exavery Syprian,ACT-Wazalendo,5388,Mchinga,Lindi
SALMA Rashid Kikwete,CCM,11690,Mchinga,Lindi
HAMIDU Hassan Bobali,CUF,4341,Mchinga,Lindi
DOVELA Saliyana Koin,ADA-TADEA,850,Nachingwea,Lindi
CHINGUILE Amandus Julius,CCM,36761,Nachingwea,Lindi
Dkt. MMOTO Mahadhi Yusuph,CHADEMA,27801,Nachingwea,Lindi
MAJAMBA Khamisi Rajabu,CUF,923,Nachingwea,Lindi
JOHN Safari Mandoo,ACT-Wazalendo,1447,Hanang,Manyara
HHAYUMA Samweli Xaday,CCM,50780,Hanang,Manyara
MAGOMA Rashid Derick Magoma,CHADEMA,20342,Hanang,Manyara
KAMOTA Honesty Amasha,ACT-Wazalendo,2229,Kiteto,Manyara
OLELEKAITA Edward Kisau,CCM,48632,Kiteto,Manyara
PASTOR Florence Kong'oke,CHADEMA,12384,Kiteto,Manyara
IBRAHIM Selemani Msindo,CUF,782,Kiteto,Manyara
ISSAAY Zacharia Paulo,CCM,28264,Mbulu Mjini,Manyara
GERVAS Maiko Sulle,CHADEMA,11630,Mbulu Mjini,Manyara
AGUSTINO Boay Tarmo,CUF,319,Mbulu Mjini,Manyara
HERSON Nade Baynit,ACT-Wazalendo,669,Mbulu Vijijini,Manyara
FLATEI Gregory Massay,CCM,46737,Mbulu Vijijini,Manyara
AMANI Paul Nanagi Gaseri,CHADEMA,5895,Mbulu Vijijini,Manyara
OLE SENDEKA Christopher Olonyokie,CCM,54609,Simanjiro,Manyara
LANDEY Emanuel Isack,CHADEMA,8782,Simanjiro,Manyara
BONIPHACE Mwita Getere,CCM,14203,Bunda,Mara
KISSAMA Samwel Ndaro,CHADEMA,5596,Bunda,Mara
VANDELIN Cornely August,NCCR-Mageuzi,245,Bunda,Mara
MABOTO Robert Chacha,CCM,31129,Bunda Mjini,Mara
BULAYA Ester Amos,CHADEMA,13258,Bunda Mjini,Mara
SONGAMBELE Josephine Wilegi,CUF,146,Bunda Mjini,Mara
GODFREY Machera Chacha,DEMOKRASIA MAKINI,55,Bunda Mjini,Mara
ABUBAKAR Makene Johnson,DP,80,Bunda Mjini,Mara
CHIRUMA Daudi Subi,NCCR-Mageuzi,369,Bunda Mjini,Mara
MANGA Stanslaus Wanjala,NLD,65,Bunda Mjini,Mara
HAMIDU Salum Bakari,ACT-Wazalendo,155,Musoma Mjini,Mara
ERNEST Ojung'a Olweny,ADC,56,Musoma Mjini,Mara
MESOME Adam Ngomelo,CCK,84,Musoma Mjini,Mara
MATHAYO Vedastus Manyinyi,CCM,23719,Musoma Mjini,Mara
MWITA Julius Gabriel,CHADEMA,19882,Musoma Mjini,Mara
MAIMUNA Matollah Hassan,CUF,127,Musoma Mjini,Mara
NYAKITITA Chrisant Ndege,DP,46,Musoma Mjini,Mara
ERAZIA Benjamini Ngomelo,N.R. A,23,Musoma Mjini,Mara
SOKOMBI Bitta Joyce,NCCR-Mageuzi,228,Musoma Mjini,Mara
KALELEMA Karega Majani,UDP,47,Musoma Mjini,Mara
EMMANUEL Sylivester Bwire,ACT-Wazalendo,1911,Musoma Vijijini,Mara
PROF. MUHONGO Sospeter,CCM,40908,Musoma Vijijini,Mara
NJUGU Tungaraza Clorence,CHADEMA,9717,Musoma Vijijini,Mara
KULEBA Josiah Bwire,NCCR-Mageuzi,735,Musoma Vijijini,Mara
KAJEGE Charles Muguta,CCM,19770,Mwibara,Mara
MTAMWEGA Vedastus Mahendeka,CHADEMA,10571,Mwibara,Mara
AWADHI Mwira Nyombo Mtani,SAU,506,Mwibara,Mara
KARUME Jeremiah Mgunda,ACT-Wazalendo,999,Rorya,Mara
MUGABE Robart Kahunge,ADC,604,Rorya,Mara
CHEGE Jafari Wambura,CCM,52801,Rorya,Mara
EZEKIA Dibogo Wenje,CHADEMA,28111,Rorya,Mara
ONGITO John Phillip,CHAUMMA,475,Rorya,Mara
PENDO Benard Odele,NCCR-Mageuzi,527,Rorya,Mara
AMSABI Jeremiah Mrimi,CCM,47499,Serengeti,Mara
CATHERINE Nyakao Ruge,CHADEMA,19347,Serengeti,Mara
NASHON Ryoba Magwi,ACT-Wazalendo,265,Tarime Mjini,Mara
MICHAEL Mwita Kembaki,CCM,18235,Tarime Mjini,Mara
ESTHER Nicholas Matiko,CHADEMA,10873,Tarime Mjini,Mara
ALEXANDER Tongori Zacharia,CUF,43,Tarime Mjini,Mara
MARY Elias Nyagabona,NCCR-Mageuzi,143,Tarime Mjini,Mara
FRANCIS Wambura Chacha,SAU,42,Tarime Mjini,Mara
MWERA Charles Nyanguru,ACT-Wazalendo,1455,Tarime Vijijini,Mara
WAITARA Mwita Mwikwabe,CCM,53475,Tarime Vijijini,Mara
HECHE John Wegesa,CHADEMA,28019,Tarime Vijijini,Mara
MWAKIBETE Atupele Fredy,CCM,20581,Busokelo,Mbeya
MWAMBONA Julius Isack,CHADEMA,2384,Busokelo,Mbeya
MWABUKUSI Boniface Anyisile,NCCR-Mageuzi,6788,Busokelo,Mbeya
MLAGHILA Ally Anyigulile Jumbe,CCM,45747,Kyela,Mbeya
MWALWANGE Ambalile Alinanuswe,CHADEMA,25067,Kyela,Mbeya
NISILE Saimon Mwalyabo,CUF,159,Kyela,Mbeya
KALINGA Tukupasya Abraham,NCCR-Mageuzi,297,Kyela,Mbeya
KASAKA Masache Njelu,CCM,32894,Lupa,Mbeya
MIRAJI Mohamed Hussein,CHADEMA,7745,Lupa,Mbeya
GAMDUST Juma Haji,ACT-Wazalendo,1256,Mbarali,Mbeya
MTEGA Francis Leonard,CCM,55737,Mbarali,Mbeya
MWANG'OMBE Liberatus Laurent,CHADEMA,28104,Mbarali,Mbeya
SELELEKA Zavely Laurenti,UDP,338,Mbarali,Mbeya
Dkt. TULIA Ackson,CCM,75225,Mbeya Mjini,Mbeya
JOSEPH Osmund Mbilinyi,CHADEMA,37591,Mbeya Mjini,Mbeya
PROTAS Shaibu Mgimbila,CHAUMMA,236,Mbeya Mjini,Mbeya
RAPHAEL Japhet Ngonde,CUF,88,Mbeya Mjini,Mbeya
MWAKAJE Imani Kaili,NCCR-Mageuzi,206,Mbeya Mjini,Mbeya
JULIUS Philipo Mwanitega,ACT-Wazalendo,1408,Mbeya Vijijini,Mbeya
NJEZA Oran Manase,CCM,52343,Mbeya Vijijini,Mbeya
MWASOTE Joseph Mjenda,CHADEMA,25139,Mbeya Vijijini,Mbeya
SAMWELI Edson Mwajungwa,CUF,194,Mbeya Vijijini,Mbeya
DANNY Jubeki Mwalugombo,NCCR-Mageuzi,341,Mbeya Vijijini,Mbeya
JOSHUA Lawrence Kilindu,ACT-Wazalendo,1543,Rungwe,Mbeya
MWANTONA Anton Albert,CCM,41107,Rungwe,Mbeya
SOPHIA Hebron Mwakagenda,CHADEMA,24719,Rungwe,Mbeya
HAMIS Jason Mwakalobo,TLP,469,Rungwe,Mbeya
KHAMIS Silima Ame,ACT-Wazalendo,1708,Amani,Mjini Magharibi
MUSSA Hassan Mussa,CCM,5122,Amani,Mjini Magharibi
SHARIFA Suleiman Khamis,CHADEMA,223,Amani,Mjini Magharibi
ABDI Abdalla Haji,CUF,8,Amani,Mjini Magharibi
HIDAYA Hassan Ameir,DEMOKRASIA MAKINI,15,Amani,Mjini Magharibi
ASHA Makame Ali,UMD,33,Amani,Mjini Magharibi
HUSNA Haji Makame,UPDP,54,Amani,Mjini Magharibi
FAKI Haji Makame,ACT-Wazalendo,1546,Bububu,Mjini Magharibi
HUSSEIN Abdalla Salum,ADC,235,Bububu,Mjini Magharibi
MWANTAKAJE Haji Juma,CCM,9497,Bububu,Mjini Magharibi
YUSSUF Khamis Hamza,CUF,167,Bububu,Mjini Magharibi
HAMAD Said Shaha,N.R. A,42,Bububu,Mjini Magharibi
MWAJUMA Ali Khamis,UPDP,55,Bububu,Mjini Magharibi
MWANAMRISHO Taratibu Abama,ACT-Wazalendo,2221,Chumbuni,Mjini Magharibi
PONDEZA Ussi Salum,CCM,7379,Chumbuni,Mjini Magharibi
ASYA Mwadini Mohammed,CHADEMA,478,Chumbuni,Mjini Magharibi
AMIR Rashid Omar,CUF,200,Chumbuni,Mjini Magharibi
HIDAYA Ali Khamis,AAFP,44,Dimani,Mjini Magharibi
ABDULRAZAK Khatib Ramadhan,ACT-Wazalendo,2262,Dimani,Mjini Magharibi
MUSTAFA Mwinyikondo Rajab,CCM,10540,Dimani,Mjini Magharibi
LAILA Ali Nassor,CHAUMMA,66,Dimani,Mjini Magharibi
KHEIR Khamis Mwinyi,CUF,106,Dimani,Mjini Magharibi
MARIAM Ismail Ally,DEMOKRASIA MAKINI,27,Dimani,Mjini Magharibi
MTUMWA Ame Khamis,NCCR-Mageuzi,31,Dimani,Mjini Magharibi
SHEIKH Hamad Sheikh,ACT-Wazalendo,1010,Fuoni,Mjini Magharibi
MUSTAFA Maalim Suleiman,ADA-TADEA,54,Fuoni,Mjini Magharibi
Capt. ABBAS Ali Hassan,CCM,6408,Fuoni,Mjini Magharibi
MAGWIRA Peter Agathon,DP,18,Fuoni,Mjini Magharibi
MASOUD Rashid Masoud,N.R. A,14,Fuoni,Mjini Magharibi
AMOSI Matingash Kacheyekele,NCCR-Mageuzi,18,Fuoni,Mjini Magharibi
PANDU Haji Pandu,TLP,28,Fuoni,Mjini Magharibi
MOHAMMED Yussuf Maalim,ACT-Wazalendo,1966,Jang'Ombe,Mjini Magharibi
KING Ali Hassan Omar,CCM,7617,Jang'Ombe,Mjini Magharibi
HADIYA Omar Mwadini,CUF,86,Jang'Ombe,Mjini Magharibi
NURU Abdallah Shamte,DP,65,Jang'Ombe,Mjini Magharibi
ABUBAKAR Rashid Bakar,AAFP,40,Kiembesamaki,Mjini Magharibi
ALI Mohammed Khamis,ACT-Wazalendo,2164,Kiembesamaki,Mjini Magharibi
MOHAMMED Maulid Ali,CCM,7615,Kiembesamaki,Mjini Magharibi
SULEIMANI Mussa Suleimani,CUF,95,Kiembesamaki,Mjini Magharibi
DHAMIR Ramadhan Yakout,ACT-Wazalendo,1924,Kikwajuni,Mjini Magharibi
MASAUNI Hamad Masauni Yussuf,CCM,8218,Kikwajuni,Mjini Magharibi
ZEUDI Mvano Abdulahi,CHADEMA,245,Kikwajuni,Mjini Magharibi
ASMA Khamis Rehani,CUF,36,Kikwajuni,Mjini Magharibi
SAADA Mussa Ally,DEMOKRASIA MAKINI,28,Kikwajuni,Mjini Magharibi
ABDULHALIM Kheir Simai,N.R. A,29,Kikwajuni,Mjini Magharibi
LAILA Rajab Khamis,NCCR-Mageuzi,37,Kikwajuni,Mjini Magharibi
SALUM Issa Vuai,ACT-Wazalendo,1143,Kwahani,Mjini Magharibi
AHMED Yahya Abdulwakil,CCM,6222,Kwahani,Mjini Magharibi
ALI Khatib Ali,CUF,65,Kwahani,Mjini Magharibi
OTHMAN Abdullrahman Juma,DEMOKRASIA MAKINI,74,Kwahani,Mjini Magharibi
SHADIDA Ali Makame,AAFP,27,Magomeni,Mjini Magharibi
HAJI Dude Haji,ACT-Wazalendo,1913,Magomeni,Mjini Magharibi
KHADIJA Saidi Omari,ADA-TADEA,31,Magomeni,Mjini Magharibi
ALI Mohammed Ali,ADC,38,Magomeni,Mjini Magharibi
MWANAKHAMIS Kassim Said,CCM,6328,Magomeni,Mjini Magharibi
SALAMA Haji Saleh,CHAUMMA,30,Magomeni,Mjini Magharibi
SIMBA Jafari Ayuba,DEMOKRASIA MAKINI,7,Magomeni,Mjini Magharibi
KITARA Imani Ali,N.R. A,24,Magomeni,Mjini Magharibi
AMANA Suleiman Mzee,TLP,33,Magomeni,Mjini Magharibi
HALIMA Ibrahim Mohammed,ACT-Wazalendo,3259,Malindi,Mjini Magharibi
MOHAMED Suleiman Omar,CCM,7807,Malindi,Mjini Magharibi
MOHAMED Suleiman Nassor,CHADEMA,216,Malindi,Mjini Magharibi
HAFIDH Anthony Mussa,CUF,54,Malindi,Mjini Magharibi
MGENI Hamad Khamis,DEMOKRASIA MAKINI,32,Malindi,Mjini Magharibi
GADAFI Suleiman Mohamed Abdalla,N.R. A,26,Malindi,Mjini Magharibi
RAISA Abdalla Mussa,ACT-Wazalendo,1539,Mfenesini,Mjini Magharibi
MTUMWA Faizi Sadiki,ADC,353,Mfenesini,Mjini Magharibi
ZUBEDA Khamis Shaib,CCM,7785,Mfenesini,Mjini Magharibi
IBRAHIM Khamis Ali,CHADEMA,151,Mfenesini,Mjini Magharibi
DHIFAA Mohammed Bakar,CUF,90,Mfenesini,Mjini Magharibi
NAIMA Salum Hamad,UDP,30,Mfenesini,Mjini Magharibi
MACHANO Khamis Ame,UMD,47,Mfenesini,Mjini Magharibi
ABDALLA Suleiman Ali,ACT-Wazalendo,1936,Mpendae,Mjini Magharibi
TOUFIQ Salim Hassan Turky,CCM,5529,Mpendae,Mjini Magharibi
HASSAN Makame Haji,CHADEMA,154,Mpendae,Mjini Magharibi
KHAMIS Masoud Shaib,CUF,37,Mpendae,Mjini Magharibi
AMINA Bakari Moh'd,N.R. A,15,Mpendae,Mjini Magharibi
Dkt. JUMA Khamis Juma,ACT-Wazalendo,3008,Mtoni,Mjini Magharibi
ABDUL-HAFAR Idrissa Juma,CCM,9468,Mtoni,Mjini Magharibi
MOHAMED Ali Rashid,CHADEMA,295,Mtoni,Mjini Magharibi
FUWARDA Said Ali,CUF,66,Mtoni,Mjini Magharibi
RAMADHAN Fungameza Nzini,DP,35,Mtoni,Mjini Magharibi
ZULEKHA Said Moh'd,UPDP,27,Mtoni,Mjini Magharibi
AMOUR Rashid Suleiman,AAFP,20,Mwanakwerekwe,Mjini Magharibi
MBARAK Daud Mbarak,ACT-Wazalendo,3197,Mwanakwerekwe,Mjini Magharibi
AZIZA Abdallah Muhammad,ADA-TADEA,30,Mwanakwerekwe,Mjini Magharibi
MOHAMMED Juma Mohammed,ADC,65,Mwanakwerekwe,Mjini Magharibi
KASSIM Hassan Haji,CCM,8912,Mwanakwerekwe,Mjini Magharibi
ASHA Suwed Hamad,CHADEMA,358,Mwanakwerekwe,Mjini Magharibi
JUMA Ayuba Sururu,CUF,89,Mwanakwerekwe,Mjini Magharibi
RAMLA Muhdhar Daudi,DP,14,Mwanakwerekwe,Mjini Magharibi
KOMBO Ali Juma,N.R. A,19,Mwanakwerekwe,Mjini Magharibi
BISHARA Iddi Khatib,NCCR-Mageuzi,20,Mwanakwerekwe,Mjini Magharibi
SLIM Suleiman Aly,TLP,15,Mwanakwerekwe,Mjini Magharibi
RASHID Abdalla Moh'd,UPDP,16,Mwanakwerekwe,Mjini Magharibi
AME Khamis Ame,ACT-Wazalendo,2531,Mwera,Mjini Magharibi
ZAHOR Mohammed Haji,CCM,6945,Mwera,Mjini Magharibi
ALAWI Ali Alawi,CHADEMA,199,Mwera,Mjini Magharibi
FATMA Omar Salum,CHAUMMA,43,Mwera,Mjini Magharibi
ANTI HABAT Kassim Mohamed,CUF,72,Mwera,Mjini Magharibi
JUMA Talib Ali,UMD,23,Mwera,Mjini Magharibi
BAKARI Mjaka Hassan,UPDP,45,Mwera,Mjini Magharibi
JABIR Idrissa Yunus,ACT-Wazalendo,2582,Pangawe,Mjini Magharibi
HAJI Amour Haji,CCM,6601,Pangawe,Mjini Magharibi
HUZAIMA Ali Hamdan,CHADEMA,304,Pangawe,Mjini Magharibi
NAHODA Haji Nahoda,CUF,117,Pangawe,Mjini Magharibi
JOHN Fulgence Mnene,DEMOKRASIA MAKINI,59,Pangawe,Mjini Magharibi
SAUM Ali Ame,N.R. A,46,Pangawe,Mjini Magharibi
AZANI Awesu Azani,SAU,43,Pangawe,Mjini Magharibi
MAUWA Mohammed Mussa,ACT-Wazalendo,1799,Shaurimoyo,Mjini Magharibi
ALI Juma Mohamed,CCM,8792,Shaurimoyo,Mjini Magharibi
ABDI Khamis Ramadhan,CUF,110,Shaurimoyo,Mjini Magharibi
HAMID Ame Mosi,NCCR-Mageuzi,86,Shaurimoyo,Mjini Magharibi
BAHATI Juma Othman,UPDP,42,Shaurimoyo,Mjini Magharibi
SALEH Mohammed Saleh,ACT-Wazalendo,2551,Welezo,Mjini Magharibi
MAULID Saleh Ali,CCM,7307,Welezo,Mjini Magharibi
YAHYA Alawi Omar,CHADEMA,219,Welezo,Mjini Magharibi
MOHAMMED Pandu Ali,CUF,73,Welezo,Mjini Magharibi
RAHIKA Abdalla Haji,UMD,30,Welezo,Mjini Magharibi
FATMA Ali Khamis,UPDP,32,Welezo,Mjini Magharibi
ASENGA Abubakari Damian,CCM,51452,Kilombero,Morogoro
MWADUA George Cosmas,CUF,22971,Kilombero,Morogoro
EDSONI Faktusi Makinda,ACT-Wazalendo,322,Malinyi,Morogoro
MGUNGUSI Antipas Zeno,CCM,37485,Malinyi,Morogoro
IMELDA Emmanuel Malley,CHADEMA,20795,Malinyi,Morogoro
FUSSI Hadija Hassan,CUF,259,Malinyi,Morogoro
CHAYA Kennedy Edward,NCCR-Mageuzi,128,Malinyi,Morogoro
LONDO Dennis Lazaro,CCM,31318,Mikumi,Morogoro
HAULE Joseph Leornad,CHADEMA,18202,Mikumi,Morogoro
SHAIBU Hussein Sheshe,ACT-Wazalendo,720,Morogoro Mjini,Morogoro
ABOOD Abdulaziz Mohamed,CCM,171349,Morogoro Mjini,Morogoro
DEVOTA Mathew Minja,CHADEMA,14139,Morogoro Mjini,Morogoro
MLAPAKOLO Abeid Haroub,CUF,562,Morogoro Mjini,Morogoro
SALIM Alaudin Hasham,CCM,32613,Ulanga,Morogoro
SIMBA Selestina Emmanuel,CHADEMA,9393,Ulanga,Morogoro
BATULI Salehe Mtenga,CUF,459,Ulanga,Morogoro
TUMBO Erasto Kichamo,NCCR-Mageuzi,147,Ulanga,Morogoro
BWANAUSI Dismas Jerome,ACT-Wazalendo,7789,Lulindi,Mtwara
MCHUNGAHELA Issa Ally,CCM,27515,Lulindi,Mtwara
BONIFACE Sijaona Mitole,CHADEMA,1524,Lulindi,Mtwara
AMINA Thomas Mshamu,CUF,378,Lulindi,Mtwara
MWADEWA Mustafa Musa,ACT-Wazalendo,536,Masasi Mjini,Mtwara
MWAMBE Geoffrey Idelphonce,CCM,17147,Masasi Mjini,Mtwara
SWALEHE Mustapha Ahmad,CHADEMA,1434,Masasi Mjini,Mtwara
KATANI Hamza Hakika,CUF,14087,Masasi Mjini,Mtwara
NANNYOHO Ahmadi Musa,NLD,103,Masasi Mjini,Mtwara
ULEDI Hassani Abdallah,ACT-Wazalendo,1113,Mtwara Mjini,Mtwara
MTENGA Hasan Seleman,CCM,22411,Mtwara Mjini,Mtwara
MALAPO Issa Tunza,CHADEMA,3465,Mtwara Mjini,Mtwara
MAFTAHA Abdallah Nachuma,CUF,13586,Mtwara Mjini,Mtwara
MTOJIMA Hashimu Mohamed,DP,78,Mtwara Mjini,Mtwara
HANGA Mohamed Hassan,NCCR-Mageuzi,85,Mtwara Mjini,Mtwara
NABARAKA Fuata Issa,ACT-Wazalendo,1372,Mtwara Vijijini,Mtwara
GHASIA Hawa Abdulrahman,CCM,18564,Mtwara Vijijini,Mtwara
IDRISA Mtuma Yusuph,CHADEMA,1020,Mtwara Vijijini,Mtwara
SHAMSIA Azizi Mtamba,CUF,26215,Mtwara Vijijini,Mtwara
LIUYE Ismail Mohamed,NCCR-Mageuzi,207,Mtwara Vijijini,Mtwara
KADINDA Colleta Jeremia,ACT-Wazalendo,755,Nanyamba,Mtwara
CHIKOTA Abdallah Dadi,CCM,22262,Nanyamba,Mtwara
MAYENDA Dadi Mohamedi,CHADEMA,2024,Nanyamba,Mtwara
MOHAMEDI Hasani Ndaile,CUF,11265,Nanyamba,Mtwara
NAMMAVA Asia Mohamed,NCCR-Mageuzi,69,Nanyamba,Mtwara
NAMAGONO Hassan Loan,ACT-Wazalendo,1150,Nanyumbu,Mtwara
MHATA Ally Yahya,CCM,37875,Nanyumbu,Mtwara
NYUCHI Mansa Alfred,CHADEMA,6829,Nanyumbu,Mtwara
MUSA Athumani Musa,CUF,1943,Nanyumbu,Mtwara
CECIL Mwambe David,CCM,30589,Ndanda,Mtwara
BAKARI Makumbuli Yusufu,CUF,8983,Ndanda,Mtwara
CHILUMBA Mbaraka Ismaili,ACT-Wazalendo,733,Newala Mjini,Mtwara
MKUCHIKA George Huruma,CCM,18705,Newala Mjini,Mtwara
CHILINDIMA Issa Juma,CHADEMA,12546,Newala Mjini,Mtwara
WALINDI Yusuph Rashidi,CUF,2444,Newala Mjini,Mtwara
CHIMETA Dadi Chimeta,ACT-Wazalendo,1346,Newala Vijijini,Mtwara
MTANDA Maimuna Salum,CCM,21468,Newala Vijijini,Mtwara
NGOMBE Karimu Seif,CHADEMA,786,Newala Vijijini,Mtwara
MNEKE Jafari Saidi,CUF,13899,Newala Vijijini,Mtwara
ALFONCE Andrea Hitu,ACT-Wazalendo,20799,Tandahimba,Mtwara
HAMISI Chibwana Hasan,ADC,1863,Tandahimba,Mtwara
KATANI Ahmadi Katani,CCM,51051,Tandahimba,Mtwara
NASRA Mahamudu Tayari,CHADEMA,6827,Tandahimba,Mtwara
MAKUMBULI Hamisi Uledi,CUF,4152,Tandahimba,Mtwara
MJAGAMA Ahmadi M-baraka,NCCR-Mageuzi,1204,Tandahimba,Mtwara
RUHABUZA Faustine Precide,ACT-Wazalendo,937,Buchosa,Mwanza
SHIGONGO Eric James,CCM,79950,Buchosa,Mwanza
MAYALA Abbas Eliashibu,CHADEMA,11285,Buchosa,Mwanza
FELESIAN Selestine Lutandula,CUF,317,Buchosa,Mwanza
MKIWA Adam Kimwanga,ACT-Wazalendo,2761,Ilemela,Mwanza
SHABANI Haji Itutu,ADC,560,Ilemela,Mwanza
Dkt. ANGELINE Sylvester Lubala,CCM,147724,Ilemela,Mwanza
GRAYSON Wanzagi Warioba,CHADEMA,24022,Ilemela,Mwanza
MOHAMED Juma Msanya,DEMOKRASIA MAKINI,664,Ilemela,Mwanza
CLEMENT Pancras Peter Masonyi,DP,102,Ilemela,Mwanza
AHMAD Muhamad Mkangwa,N.R. A,218,Ilemela,Mwanza
MANSOOR Shanif Jamal,CCM,57943,Kwimba,Mwanza
JOSEPH Bonephace Kayanda,CUF,1917,Kwimba,Mwanza
MAYEKA Kiteja Kawe,DEMOKRASIA MAKINI,923,Kwimba,Mwanza
ESAU Sospeter Lushanga,ACT-Wazalendo,2953,Magu,Mwanza
KISWAGA Boniventura Destery,CCM,139975,Magu,Mwanza
NDINDAGI Reginald Kwizela,CHADEMA,14479,Magu,Mwanza
CHAGULANI Adams Ibrahim,ACT-Wazalendo,1174,Nyamagana,Mwanza
MANYOGOTE Thomson Enos,ADA-TADEA,539,Nyamagana,Mwanza
MABULA Stanslaus Shing'oma,CCM,73591,Nyamagana,Mwanza
PAMBALU John Justine,CHADEMA,42209,Nyamagana,Mwanza
WILLYFREDY Alfredy Rugina,CHAUMMA,356,Nyamagana,Mwanza
CHIEF Lutalosa Yemba,CUF,486,Nyamagana,Mwanza
MASANJA Anacleth Chamba,DEMOKRASIA MAKINI,143,Nyamagana,Mwanza
REBEKA Samson Mwita,DP,86,Nyamagana,Mwanza
PAUL Lukas Soleji,N.R. A,62,Nyamagana,Mwanza
TERESIA John Mkami,NCCR-Mageuzi,81,Nyamagana,Mwanza
EUNICE Masanja Masenga,SAU,57,Nyamagana,Mwanza
MATATA Mtinda Henry,TLP,122,Nyamagana,Mwanza
RAMADHANI Uhadi Mtoro,UDP,164,Nyamagana,Mwanza
TABASAM Hamis Mwagao,CCM,59734,Sengerema,Mwanza
VICTORIA Benedict Tindabatangile,CHADEMA,7949,Sengerema,Mwanza
MCHELE John Mathias,CUF,497,Sengerema,Mwanza
KASALALI Emmanuel Mageni,CCM,31373,Sumve,Mwanza
SANGALALI Shija Masanja,CHADEMA,6285,Sumve,Mwanza
JOSEPH Stephen Madeleke,CUF,722,Sumve,Mwanza
MISANA Mtaki Gatawa,ACT-Wazalendo,916,Ukerewe,Mwanza
MKUNDI Joseph Michael,CCM,91893,Ukerewe,Mwanza
SIJAONA James Karoli,CHADEMA,23361,Ukerewe,Mwanza
LUCAS Lubilo Busanya,UPDP,534,Ukerewe,Mwanza
NUHU Lameck Deda,ACT-Wazalendo,240,Makambako,Njombe
DEO Kasenyenda Sanga,CCM,24766,Makambako,Njombe
KADUMA General Reuben,CHADEMA,5109,Makambako,Njombe
LINUS Aloyce Sanga,CHAUMMA,145,Makambako,Njombe
JOMA Amosi Mwakisitu,ACT-Wazalendo,762,Makete,Njombe
FESTO Richard Sanga,CCM,24237,Makete,Njombe
MTWEVE Ahadi Asajile,CHADEMA,5077,Makete,Njombe
GRACE Rodrick Jekela,NCCR-Mageuzi,981,Makete,Njombe
MWANYIKA Deodatus Philip,CCM,29553,Njombe Mjini,Njombe
MASONGA Emmanuel Godfrey,CHADEMA,5940,Njombe Mjini,Njombe
MYEGETA Edward William,DP,162,Njombe Mjini,Njombe
Dkt. FESTO John Dugange,CCM,38988,Wanging'Ombe,Njombe
DISMAS Andrea Luhwago,CHADEMA,4381,Wanging'Ombe,Njombe
MAEMBE Vitali Mathias,ACT-Wazalendo,5592,Bagamoyo,Pwani
MKENGE Muharami Shabani,CCM,23159,Bagamoyo,Pwani
LUKUMAI Emmanuel Matayo,CHADEMA,2645,Bagamoyo,Pwani
NGULANGWA Mohamed Mshamu,CUF,692,Bagamoyo,Pwani
AMINA Mselem Juma Mshana,ACT-Wazalendo,882,Kibaha Mjini,Pwani
SCOLA Deonatus Kahana,ADC,199,Kibaha Mjini,Pwani
Dkt. MZIWANDA Gabriel Dishon,CCK,221,Kibaha Mjini,Pwani
KOKA Silyvestry Francis,CCM,29797,Kibaha Mjini,Pwani
MTALLY Michael Paul,CHADEMA,12234,Kibaha Mjini,Pwani
JUMANNE Mohamed Urembo,CHAUMMA,236,Kibaha Mjini,Pwani
SONGORO Mwajuma Hassani,CUF,264,Kibaha Mjini,Pwani
JOACHIM Geofrey Mahega,NCCR-Mageuzi,202,Kibaha Mjini,Pwani
SAHABA Zacharia Madawili,NLD,49,Kibaha Mjini,Pwani
KYARA Majalio Paul,SAU,58,Kibaha Mjini,Pwani
HASHIMU Hamada Abdahamani,ACT-Wazalendo,465,Kibaha Vijijini,Pwani
HELPHE Ezekiel Mbwambo,CCK,168,Kibaha Vijijini,Pwani
MWAKAMO Michael Costantino,CCM,18388,Kibaha Vijijini,Pwani
KINABO Edward Edmond,CHADEMA,5083,Kibaha Vijijini,Pwani
KHALIFA Selemani Mgonela,CUF,219,Kibaha Vijijini,Pwani
MWAZANI Mrisho Mkopi,UPDP,62,Kibaha Vijijini,Pwani
TWAHA Ally Mpembenwe,CCM,26104,Kibiti,Pwani
KURWA Nkwera Lubuva,CHADEMA,5089,Kibiti,Pwani
ZAVALLA Mussa Zavalla Pazzi,ACT-Wazalendo,616,Kisarawe,Pwani
JAFO Selemani Saidi,CCM,26739,Kisarawe,Pwani
BARAKA Mussa Nandonde,CHADEMA,2402,Kisarawe,Pwani
DIKULUMBALE Khadija Almas,CUF,2039,Kisarawe,Pwani
ASHA Athumani Chuma,DP,175,Kisarawe,Pwani
RIZIKI Shahari Mngwali,ACT-Wazalendo,2342,Mafia,Pwani
KIPANGA Juma Omari,CCM,12691,Mafia,Pwani
OMARI Ally Hassani,CHADEMA,713,Mafia,Pwani
ZAITUNI Alliy Bhai,CUF,1759,Mafia,Pwani
KIPENDE Omari Hamis,AAFP,1340,Mkuranga,Pwani
MTAMBO Mohamed Juma,ACT-Wazalendo,4056,Mkuranga,Pwani
ULEGA Abdallah Hamis,CCM,52612,Mkuranga,Pwani
NAMKOVEKA Ibrahim Hassan,CHADEMA,3951,Mkuranga,Pwani
NGWALE Kinjeketile Ndete,CUF,3411,Mkuranga,Pwani
MOHAMED Khamis Mohamed,N.R. A,357,Mkuranga,Pwani
MCHUCHULI Kuruthum Jumanne,ACT-Wazalendo,7906,Rufiji,Pwani
MCHENGERWA Mohamed Omary,CCM,20860,Rufiji,Pwani
ANIPHER Kassim Chiwili,CHADEMA,599,Rufiji,Pwani
CHUMA Hasani Salange,CUF,2138,Rufiji,Pwani
NJWECHWE Athumani Hamisi,UDP,149,Rufiji,Pwani
AMBILIKILE Charles Mwambaja,CCK,1288,Kwela,Rukwa
DEUS Clement Sangu,CCM,48918,Kwela,Rukwa
NGOGO Naftal Daniel,CHADEMA,23542,Kwela,Rukwa
SOLOMONI Pengo Jailos,NCCR-Mageuzi,447,Kwela,Rukwa
JANUARY Festus Yamsebo,ACT-Wazalendo,343,Nkasi Kaskazini,Rukwa
ALLY Mohamed Keissy,CCM,19972,Nkasi Kaskazini,Rukwa
AIDA Joseph Khenani,CHADEMA,21226,Nkasi Kaskazini,Rukwa
KONGA Vickson Amon,NCCR-Mageuzi,113,Nkasi Kaskazini,Rukwa
VINCENT Paul Mbogo,CCM,20934,Nkasi Kusini,Rukwa
SOTOKA Alfred Daniel,CHADEMA,8783,Nkasi Kusini,Rukwa
SULEIMAN Abdalla Sanani,ACT-Wazalendo,622,Sumbawanga Mjini,Rukwa
AESHI Khalfan Hilaly,CCM,36807,Sumbawanga Mjini,Rukwa
IKUWO Sadrick Malila,CHADEMA,17829,Sumbawanga Mjini,Rukwa
JULIUS Potifala Mizengo,CUF,171,Sumbawanga Mjini,Rukwa
KAFUKU Doris Geanes,NCCR-Mageuzi,229,Sumbawanga Mjini,Rukwa
MICHAEL Paul Lubava,UDP,232,Sumbawanga Mjini,Rukwa
KEVIN Timoteus Kinunda,ACT-Wazalendo,572,Mbinga Mjini,Ruvuma
MBUNDA Jonas William,CCM,26698,Mbinga Mjini,Ruvuma
MARIO Efrem Millinga,CHADEMA,5243,Mbinga Mjini,Ruvuma
STEPHANO Sospeter Maduhu,NCCR-Mageuzi,137,Mbinga Mjini,Ruvuma
BENAYA Liuka Kapinga,CCM,79371,Mbinga Vijijini,Ruvuma
AKITANDA Benjamin Edwin,CHADEMA,5130,Mbinga Vijijini,Ruvuma
BONIFASIA Aidan Mapunda,ACT-Wazalendo,6208,Namtumbo,Ruvuma
VITA Rashid Kawawa,CCM,60138,Namtumbo,Ruvuma
ZAMDA Abdallah Ngonyani,CHADEMA,2572,Namtumbo,Ruvuma
JHIKOLABWINO Siza Manyika,ACT-Wazalendo,869,Nyasa,Ruvuma
Eng. MANYANYA Stella Martin,CCM,34837,Nyasa,Ruvuma
NGWATA Saulo Cuthbert,CHADEMA,4231,Nyasa,Ruvuma
JACOB Rafael Mapunda,ACT-Wazalendo,511,Peramiho,Ruvuma
JENISTA Joakim Mhagama,CCM,27479,Peramiho,Ruvuma
NICHOLAUS Silvester Mapunda,CHADEMA,3440,Peramiho,Ruvuma
NEEMA Fedinand Tawete,CUF,144,Peramiho,Ruvuma
LIKAPO Bakari Likapo,ACT-Wazalendo,2047,Songea Mjini,Ruvuma
ANNA Daniel Kapinga,ADA-TADEA,299,Songea Mjini,Ruvuma
NDUMBARO Damas Daniel,CCM,39783,Songea Mjini,Ruvuma
ADEN Bahati Mayala,CHADEMA,15145,Songea Mjini,Ruvuma
MAMBO Ahamadi Aroni,CUF,132,Songea Mjini,Ruvuma
KHALIFA Musa Tengeneza,NCCR-Mageuzi,161,Songea Mjini,Ruvuma
ADO Shaibu Ado,ACT-Wazalendo,18300,Tunduru Kaskazini,Ruvuma
HASSAN Zidadu Kungu,CCM,30056,Tunduru Kaskazini,Ruvuma
MTUTURA Abdallah Mtutura,ACT-Wazalendo,23968,Tunduru Kusini,Ruvuma
MPAKATE Daimu Iddi,CCM,26982,Tunduru Kusini,Ruvuma
PILLAH Mariamu Mohamed,CUF,1392,Tunduru Kusini,Ruvuma
IDSAM Swaleh Mapande,ACT-Wazalendo,1094,Kahama Mjini,Shinyanga
KISHIMBA Jumanne Kibera,CCM,35709,Kahama Mjini,Shinyanga
THADEO Joachim Assechekamwati,CHADEMA,10740,Kahama Mjini,Shinyanga
HOSEA Ezekiel Paul,CUF,420,Kahama Mjini,Shinyanga
ZAIDI Masoud Muyoba,DP,74,Kahama Mjini,Shinyanga
IBRAHIM Mussa Kwikima,NCCR-Mageuzi,335,Kahama Mjini,Shinyanga
BUTONDO Nyangindu Boniphace,CCM,54864,Kishapu,Shinyanga
IDD Salum Amri,CHADEMA,9903,Kishapu,Shinyanga
MAKOMBA Godwin Michael,ACT-Wazalendo,883,Shinyanga Mjini,Shinyanga
KATAMBI Paschal Patrobass,CCM,31831,Shinyanga Mjini,Shinyanga
SALOME Wycliffe Makamba,CHADEMA,16608,Shinyanga Mjini,Shinyanga
ABDALLAH Issa Sube,DEMOKRASIA MAKINI,99,Shinyanga Mjini,Shinyanga
SHIGINO Charles Hundaha,NCCR-Mageuzi,133,Shinyanga Mjini,Shinyanga
NTEZIMANA Malongo Elias,TLP,65,Shinyanga Mjini,Shinyanga
ISSA Yahya Hamis,UDP,69,Shinyanga Mjini,Shinyanga
AHMED Ally Salum,CCM,68066,Solwa,Shinyanga
MWINULA Washington Kasonzo,CHADEMA,11785,Solwa,Shinyanga
SHANGALUKA Aloyce Shija,CUF,1111,Solwa,Shinyanga
IBRAHIM Leonard Kitela,NCCR-Mageuzi,526,Solwa,Shinyanga
SOPHIA Dittu Ikemeko,ACT-Wazalendo,944,Bariadi,Simiyu
ENG. KUNDO Andrea Mathew,CCM,92488,Bariadi,Simiyu
MAENDELEO Bernard Makoye,CHADEMA,33339,Bariadi,Simiyu
ALLY Abdallah Mwindard,CUF,407,Bariadi,Simiyu
ASKOFU ERASMUS Ndege Lilanga,NCCR-Mageuzi,233,Bariadi,Simiyu
WINGABOMBULI Mabula Migata,UDP,726,Bariadi,Simiyu
SELEMANI Misango,ACT-Wazalendo,1516,Busega,Simiyu
SIMON Songe Lusengekile,CCM,35770,Busega,Simiyu
ADAM Alphonce Komanya,CHADEMA,9063,Busega,Simiyu
LAULENSIA Yahona Machanya,CUF,285,Busega,Simiyu
NJALU Daudi Silanga,CCM,48968,Itilima,Simiyu
MACHUMU Maximillian Kadutu,CHADEMA,28274,Itilima,Simiyu
PAUL Danhi Nyaga,CUF,349,Itilima,Simiyu
NGAGANI Simon Charles,UDP,3584,Itilima,Simiyu
LUHAGA Joelson Mpina,CCM,18335,Kisesa,Simiyu
FRANCIS Kishabi Masanja,CHADEMA,14944,Kisesa,Simiyu
LYDIA Mbuke Bendera,ADA-TADEA,1931,Maswa Magharibi,Simiyu
MASHIMBA Mashauri Ndaki,CCM,28104,Maswa Magharibi,Simiyu
CASLIDA Josephat Kamali,CHADEMA,8643,Maswa Magharibi,Simiyu
MIPAWA Mathias Shimbi Ndilizu,ADA-TADEA,1300,Maswa Mashariki,Simiyu
NYONGO Stanslaus Haroon,CCM,25410,Maswa Mashariki,Simiyu
MAHANGI James Kija,CHADEMA,11847,Maswa Mashariki,Simiyu
KASULUMBAYI Sylvester Mhoja,CUF,2342,Maswa Mashariki,Simiyu
LEAH Jeremiah Komanya,CCM,16239,Meatu,Simiyu
JOHNSTON Hermes Luzibukya,CHADEMA,14750,Meatu,Simiyu
Dkt. MWIGULU Nchemba Madelu,CCM,38865,Iramba Magharibi,Singida
JESCA David Kishoa,CHADEMA,6520,Iramba Magharibi,Singida
ISACK Francis Mtinga,CCM,35457,Iramba Mashariki,Singida
JIMBO LA UCHAGUZI LA MANYONI MAGHARIBIOSCAR Alex Kapalale,CHADEMA,6716,Iramba Mashariki,Singida
OSCAR Alex Kapalale,CHADEMA,6716,Manyoni Magharibi,Singida
CHAYA Pius Stephen,CCM,36284,Manyoni Mashariki,Singida
AISHA Yusufu Luja,CHADEMA,4773,Manyoni Mashariki,Singida
WILSON Njiku Kingo,CHAUMMA,219,Manyoni Mashariki,Singida
EMMANUEL David Allute,TLP,418,Manyoni Mashariki,Singida
RAMADHANI Abeid Ighondo,CCM,43847,Singida Kaskazini,Singida
NYALANDU Lazaro Samuel,CHADEMA,15555,Singida Kaskazini,Singida
DALPHINA Patrick Mngazija,CUF,137,Singida Kaskazini,Singida
RESTITUTA Saidi Njoka,NCCR-Mageuzi,128,Singida Kaskazini,Singida
MARIA David Mwesa,SAU,15,Singida Kaskazini,Singida
YESAYA Abel Mande,UDP,96,Singida Kaskazini,Singida
SUPHIAN Juma Nkuwi,ACT-Wazalendo,902,Singida Magharibi,Singida
KINGU Elibariki Immanuel,CCM,32720,Singida Magharibi,Singida
KULUNGU Hemedi Ramadhani,CHADEMA,7446,Singida Magharibi,Singida
MUSTAPHA Hassani Amri,AAFP,313,Singida Mashariki,Singida
REHEMA Swalehe Mjengi,ADC,324,Singida Mashariki,Singida
MTATURU Miraji Jumanne,CCM,25913,Singida Mashariki,Singida
NOEL Joachim Hema,CHADEMA,16546,Singida Mashariki,Singida
HENKU Athuman Issah,CUF,1134,Singida Mashariki,Singida
GWAE Vicenti Philipo,DP,107,Singida Mashariki,Singida
SHABANI Rajabu Musa,NCCR-Mageuzi,110,Singida Mashariki,Singida
MORRIS Thomas Nkongolo,TLP,125,Singida Mashariki,Singida
KING'INYA Protas Nkhotya,UPDP,322,Singida Mashariki,Singida
ANNA Athuman Dauri,ACT-Wazalendo,453,Singida Mjini,Singida
HAJI Haji Lufungulo,ADC,82,Singida Mjini,Singida
SAKINA Mohamedi Soa,CCK,136,Singida Mjini,Singida
MUSSA Ramadhani Sima,CCM,23220,Singida Mjini,Singida
REHEMA James Mkoha,CHADEMA,15467,Singida Mjini,Singida
BIBIANA Benedicto Dulle,TLP,176,Singida Mjini,Singida
MWENISONGOLE George Ranwell,CCM,40834,Mbozi,Songwe
PASCAL Yohana Haonga,CHADEMA,18054,Mbozi,Songwe
NKUNYUNTILA Weston Siwale,CUF,261,Mbozi,Songwe
SIWALE Himidi Yaledi,ACT-Wazalendo,692,Momba,Songwe
CONDESTER Michael Sichalwe,CCM,31956,Momba,Songwe
NEEMA Victor Chisanga,CHADEMA,19771,Momba,Songwe
REDDY Julius Makuba,ACT-Wazalendo,290,Tunduma,Songwe
SILINDE David Ernest,CCM,43276,Tunduma,Songwe
FRANK George Mwakajoka,CHADEMA,12433,Tunduma,Songwe
GROLY John Mwaigomole,DEMOKRASIA MAKINI,114,Tunduma,Songwe
HASUNGA Japhet Ngailonga,CCM,38226,Vwawa,Songwe
MKISI Elias Fanueli,CHADEMA,17157,Vwawa,Songwe
ZEDI Selemani Jumanne,CCM,16920,Bukene,Tabora
LUMOLA Steven Maziku Kahumbi,CHADEMA,14373,Bukene,Tabora
DUNIA Juma Ally,ACT-Wazalendo,1226,Igalula,Tabora
VENANT Daud Protas,CCM,45792,Igalula,Tabora
MAGANGA Raymond William,CHADEMA,2027,Igalula,Tabora
FIDEL Hemed Christopher,ACT-Wazalendo,534,Igunga,Tabora
NGASSA Nicholaus George,CCM,28386,Igunga,Tabora
NGASSA Ganja Mboje,CHADEMA,11237,Igunga,Tabora
FRANK Mhundi Masunga,CUF,148,Igunga,Tabora
KASHASHA Exuper Alfred,NCCR-Mageuzi,36,Igunga,Tabora
JUMA Khalfan Mirembe,UMD,78,Igunga,Tabora
KWEZI Aloyce Andrew,CCM,35065,Kaliua,Tabora
SAMSONI Lazaro Barazingiza,CHADEMA,1295,Kaliua,Tabora
SAKAYA Magdalena Hamis,CUF,8187,Kaliua,Tabora
KASSANGA Nsango Mwalugaja,ACT-Wazalendo,400,Manonga,Tabora
GULAMALI Seif Khamis Said,CCM,22860,Manonga,Tabora
SHILOGILE Josephat Clement,CHADEMA,4453,Manonga,Tabora
DAUD Joseph Seleli,CUF,152,Manonga,Tabora
NSABI Anthony Sambali,ACT-Wazalendo,166,Nzega Mjini,Tabora
BASHE Hussein Mohammed,CCM,16082,Nzega Mjini,Tabora
MARY Andrew Atonga,CHADEMA,2663,Nzega Mjini,Tabora
SALUM Masudi Salum,CUF,102,Nzega Mjini,Tabora
MASELELE Ramadhani Abdalah,ACT-Wazalendo,1003,Sikonge,Tabora
JOSEPH George Kakunda,CCM,44258,Sikonge,Tabora
HIJJA Mohamed Chambala,CHADEMA,7260,Sikonge,Tabora
KATALA Abdalah Ibrahim,CUF,446,Sikonge,Tabora
MOHAMED Salum Khalfan,ACT-Wazalendo,1367,Tabora Kaskazini,Tabora
ATHUMAN Almas Maige,CCM,33410,Tabora Kaskazini,Tabora
MARTIN Mussa Daniel,CHADEMA,4569,Tabora Kaskazini,Tabora
KAPASHA Haji Kapasha,CUF,1255,Tabora Kaskazini,Tabora
HALIMA Mohamed Bakari,NCCR-Mageuzi,150,Tabora Kaskazini,Tabora
JOHARI Abdallah Makunga,UMD,106,Tabora Kaskazini,Tabora
MTEMELWA Msafiri Abdullahamani,ACT-Wazalendo,482,Tabora Mjini,Tabora
IRENE Anatory Katabwa,ADA-TADEA,526,Tabora Mjini,Tabora
EMMANUEL Adamson Mwakasaka,CCM,30083,Tabora Mjini,Tabora
HAWA Subira Mwaifunga,CHADEMA,21284,Tabora Mjini,Tabora
AKIDA Jamal Kabourou,CHAUMMA,93,Tabora Mjini,Tabora
MIRAMBO Camil Yusuph,CUF,860,Tabora Mjini,Tabora
LENGWE Said Lengwe,NCCR-Mageuzi,37,Tabora Mjini,Tabora
SALMA Husein Simbamwene,NLD,65,Tabora Mjini,Tabora
JOHN Robert Mswanyama,SAU,38,Tabora Mjini,Tabora
ZAMBIA Mustafa Mulenga,UDP,43,Tabora Mjini,Tabora
SITTA Margaret Simwanza,CCM,30391,Urambo,Tabora
PHILBERHT Saimon Macheyeki,CHADEMA,7375,Urambo,Tabora
PASCHAL John Koroti,CUF,813,Urambo,Tabora
MNGATWA Twaha Said,ADC,310,Handeni Mjini,Tanga
KWAGILWA Reuben Nhamanilo,CCM,15241,Handeni Mjini,Tanga
ANDREW James Stima,CHADEMA,296,Handeni Mjini,Tanga
SONIA Jumaa Magogo,CUF,6713,Handeni Mjini,Tanga
BAKARI Makame Semndili,TLP,31,Handeni Mjini,Tanga
DOYO Hassan Mohamed,ADC,3890,Handeni Vijijini,Tanga
SALLU John Marko,CCM,94900,Handeni Vijijini,Tanga
BASHIRI Ally Muya,CUF,4183,Handeni Vijijini,Tanga
MAIMUNA Said Kassim,ADC,18528,Kilindi,Tanga
KIGUA Omari Mohamed,CCM,61777,Kilindi,Tanga
GADSON Habibu Jaston,CHADEMA,1388,Kilindi,Tanga
TINKER Abusheikh Mdimu,CUF,643,Kilindi,Tanga
BAHATI Hamadi Chirwa,ACT-Wazalendo,304,Korogwe Mjini,Tanga
ALFRED James Kimea,CCM,16969,Korogwe Mjini,Tanga
WYNJONES Clarence Mwakolo,CHADEMA,2116,Korogwe Mjini,Tanga
AMINA Jumaa Magogo,CUF,1497,Korogwe Mjini,Tanga
JUMA Iddi Gao,ADA-TADEA,1810,Korogwe Vijijini,Tanga
PILI Mohamedi Majeshi,ADC,1157,Korogwe Vijijini,Tanga
TIMOTHEO Paul Mnzava,CCM,48078,Korogwe Vijijini,Tanga
AMINATA AS Saguti,CHADEMA,12092,Korogwe Vijijini,Tanga
MAGOGO Hassan Jumaa,CUF,1339,Korogwe Vijijini,Tanga
MWAJABU Athumani Dhahabu,ACT-Wazalendo,1163,Lushoto,Tanga
SHABANI Omari Shekilindi,CCM,20799,Lushoto,Tanga
MBELWA Walter Germano,CHADEMA,4089,Lushoto,Tanga
MSHANGAMA Ismail Abdi,NCCR-Mageuzi,3246,Lushoto,Tanga
REHEMA Ally Mohamedi,ACT-Wazalendo,4025,Mkinga,Tanga
KITANDULA Dunstan Luka,CCM,19808,Mkinga,Tanga
BENDERA Jumaa Ally,CHADEMA,1733,Mkinga,Tanga
NURU Awadh Bafadhili,CUF,9285,Mkinga,Tanga
EMMANUEL Laurent Mnkai,ACT-Wazalendo,1671,Mlalo,Tanga
SHANGAZI Rashid Abdallah,CCM,46632,Mlalo,Tanga
SHEKIONDO Amiri Mohamed,CHADEMA,2803,Mlalo,Tanga
JAMILA Ally Mwakilachile,ACT-Wazalendo,1223,Muheza,Tanga
MWANA FA Hamis Mohamed,CCM,47578,Muheza,Tanga
YOSEPHER Ferdinand Komba,CHADEMA,12038,Muheza,Tanga
JUMA Peter Nindi,CUF,362,Muheza,Tanga
MHINA Peter Mhina,UDP,194,Muheza,Tanga
UMMY Ally Mwalimu,CCM,114445,Tanga Mjini,Tanga
MUSSA Bakari Mbarouk,CUF,7497,Tanga Mjini,Tanga
